"Carimbo de data/hora","Qual é seu cargo/função atual?","Há quanto tempo você trabalha na área de TI?","Há quanto tempo você trabalha com containers e/ou orquestradores?","Você possui certificações relacionadas a containers/orquestradores? (Marque todas que se aplicam)","Você participa de comunidades técnicas relacionadas a containers/Kubernetes? (Marque todas que se aplicam)","Qual o porte da empresa onde você trabalha? ","Qual o setor de atuação da empresa?","Há quanto tempo a empresa utiliza containers em produção?","Qual é a principal tecnologia de orquestração utilizada pela empresa?","Em quais ambientes a empresa utiliza containers? (Marque todas que se aplicam)","Como foi o processo de adoção de containers na empresa?","Segurança (vulnerabilidades em imagens, gestão de secrets, políticas de acesso).","Complexidade técnica (curva de aprendizado, conceitos novos).","Monitoramento e observabilidade (logs centralizados, métricas, tracing distribuído).","Mudanças organizacionais e culturais (adoção de DevOps, colaboração entre equipes).","Treinamento e desenvolvimento de habilidades (falta de capacitação, upskilling).","CI/CD (automação, fluxos de deploy).","Qual foi o PRINCIPAL desafio enfrentado pela sua equipe durante a adoção de containers/orquestradores?","Quais estratégias de aprendizado você e sua equipe utilizaram? (Marque todas que se aplicam)","A empresa ofereceu treinamento formal sobre containers/orquestradores?","Houve alocação de tempo exclusivo para aprendizado?","Qual fonte de aprendizado foi mais útil para você?","A equipe realizou POCs (Proofs of Concept) antes da adoção em produção?","Quanto tempo levou para você se sentir confortável e produtivo com containers/orquestradores?","Quanto tempo a equipe levou para colocar a primeira aplicação containerizada em produção?","Qual fator foi MAIS IMPORTANTE para acelerar a curva de aprendizado da sua equipe?","Como você avalia o retorno sobre o investimento (ROI) da adoção de containers/orquestradores?","Você recomendaria a adoção de containers/orquestradores para outras equipes de desenvolvimento?"
"2026/02/02 3:07:55 PM GMT-3","Desenvolvedor","2-5 anos","1-3 anos","Não possuo certificações","Não participo de comunidades técnicas","Grande (mais de 250 funcionários)","Agro","Mais de 4 anos","Outras soluções (Nomad, OpenShift, ECS)","Desenvolvimento local;Staging/Homologação;Produção;CI/CD pipelines","Gradual (começou em desenvolvimento, depois staging, depois produção)","3","3","2","4","4","3","Complexidade técnica (curva de aprendizado íngreme, novos conceitos)","Comunidades técnicas (fóruns, Stack Overflow, Reddit);Aprendizado autodirigido (tentativa e erro);Tutoriais e artigos online (blogs, Medium, Dev.to);Documentação oficial (Kubernetes, Docker Docs)","Sim","Sim, algumas horas por semana durante o expediente","Cursos estruturados (online ou presenciais)","Não","3-6 meses","1-3 meses","Tempo dedicado exclusivo para estudo","4","Sim"
"2026/02/02 5:53:10 PM GMT-3","Desenvolvedor","2-5 anos","1-3 anos","Não possuo certificações","Não participo de comunidades técnicas","Pequena (menos de 50 funcionários)","IndTech","Mais de 4 anos","Kubernetes (self-hosted ou managed: EKS/AKS/GKE)","Desenvolvimento local;Staging/Homologação;Produção;CI/CD pipelines","Simultânea em todos os ambientes","3","4","4","5","5","4","Complexidade técnica (curva de aprendizado íngreme, novos conceitos)","Aprendizado autodirigido (tentativa e erro);Tutoriais e artigos online (blogs, Medium, Dev.to);Documentação oficial (Kubernetes, Docker Docs);Provas de Conceito (PoCs) e projetos piloto;Mentoria interna (desenvolvedores seniores ou especialistas);Agentes de inteligência artifical (IA)","Não","Não, aprendi durante a execução dos projetos","Agentes de inteligência artificial (IA)","Sim","3-6 meses","1-3 meses","Experiência prévia com Docker","3","Sim"
"2026/02/09 5:56:06 PM GMT-3","Desenvolvedor","2-5 anos","1-3 anos","Não possuo certificações","Não participo de comunidades técnicas","Média (50-250 funcionários)","Fintech/Serviços Financeiros","Mais de 4 anos","Kubernetes (self-hosted ou managed: EKS/AKS/GKE)","Desenvolvimento local;Staging/Homologação;Produção;CI/CD pipelines","Simultânea em todos os ambientes","4","4","5","2","1","2","Escalabilidade","Documentação oficial (Kubernetes, Docker Docs);Provas de Conceito (PoCs) e projetos piloto;Mentoria interna (desenvolvedores seniores ou especialistas)","Não","Não, aprendi durante a execução dos projetos","Agentes de inteligência artificial (IA)","Sim","12-18 meses","1-3 meses","Tempo dedicado exclusivo para estudo","4","Sim"
"2026/03/02 12:37:38 PM GMT-3","SRE (Site Reliability Engineer)","Mais de 10 anos","Mais de 5 anos","CKAD (Certified Kubernetes Application Developer);Outras certificações cloud (AWS/Azure/GCP relacionadas a containers)","Meetups presenciais","Média (50-250 funcionários)","Educação/EdTech","2-4 anos","Kubernetes (self-hosted ou managed: EKS/AKS/GKE)","Desenvolvimento local;Staging/Homologação;Produção","Simultânea em todos os ambientes","3","2","2","5","5","3","Treinamento e desenvolvimento de habilidades (falta de capacitação, upskilling)","Documentação oficial (Kubernetes, Docker Docs);Provas de Conceito (PoCs) e projetos piloto;Consultoria externa;Mentoria interna (desenvolvedores seniores ou especialistas)","Sim","Sim, algumas horas por semana durante o expediente","Provas de Conceito (PoCs) e projetos piloto","Sim","3-6 meses","Menos de 1 mês","Realização de POCs antes de produção","5","Sim"
"2026/03/02 12:38:10 PM GMT-3","DevOps Engineer","2-5 anos","3-5 anos","Outras certificações cloud (AWS/Azure/GCP relacionadas a containers)","Não participo de comunidades técnicas","Média (50-250 funcionários)","Fintech/Serviços Financeiros","Mais de 4 anos","Kubernetes (self-hosted ou managed: EKS/AKS/GKE)","Staging/Homologação;Produção","Simultânea em todos os ambientes","3","2","3","4","3","5","Mudanças organizacionais e culturais (adoção de DevOps, colaboração entre equipes)","Comunidades técnicas (fóruns, Stack Overflow, Reddit);Aprendizado autodirigido (tentativa e erro);Treinamento formal / cursos pagos (ex.: Udemy, Coursera, KodeKloud, Linux Academy);Tutoriais e artigos online (blogs, Medium, Dev.to);Documentação oficial (Kubernetes, Docker Docs);Provas de Conceito (PoCs) e projetos piloto;Consultoria externa","Não","Sim, algumas horas por semana durante o expediente","Aprendizado autodirigido (tentativa e erro)","Sim","6-12 meses","1-3 meses","Experiência prévia com Docker","5","Sim"
"2026/03/02 4:53:03 PM GMT-3","DevOps Engineer","5-10 anos","1-3 anos","Outras certificações cloud (AWS/Azure/GCP relacionadas a containers)","Comunidades online (Slack, Discord, Reddit, entre outros)","Pequena (menos de 50 funcionários)","Saas/Software","Mais de 4 anos","Kubernetes (self-hosted ou managed: EKS/AKS/GKE)","Desenvolvimento local;Staging/Homologação;Produção","Gradual (começou em desenvolvimento, depois staging, depois produção)","5","3","3","1","2","2","Segurança","Comunidades técnicas (fóruns, Stack Overflow, Reddit);Aprendizado autodirigido (tentativa e erro);Treinamento formal / cursos pagos (ex.: Udemy, Coursera, KodeKloud, Linux Academy);Livros técnicos;Tutoriais e artigos online (blogs, Medium, Dev.to);Documentação oficial (Kubernetes, Docker Docs);Provas de Conceito (PoCs) e projetos piloto;Mentoria interna (desenvolvedores seniores ou especialistas);Agentes de inteligência artifical (IA)","Não","Não, aprendi durante a execução dos projetos","Agentes de inteligência artificial (IA)","Sim","3-6 meses","Menos de 1 mês","Realização de POCs antes de produção","5","Sim"
"2026/03/03 5:15:16 PM GMT-3","SRE (Site Reliability Engineer)","Mais de 10 anos","Mais de 5 anos","Não possuo certificações","Não participo de comunidades técnicas","Grande (mais de 250 funcionários)","Educação/EdTech","Mais de 4 anos","Kubernetes (self-hosted ou managed: EKS/AKS/GKE)","Desenvolvimento local;Staging/Homologação;Produção","Gradual (começou em desenvolvimento, depois staging, depois produção)","2","2","4","2","2","4","Complexidade técnica (curva de aprendizado íngreme, novos conceitos)","Comunidades técnicas (fóruns, Stack Overflow, Reddit);Documentação oficial (Kubernetes, Docker Docs);Provas de Conceito (PoCs) e projetos piloto","Sim","Sim, algumas horas por semana durante o expediente","Provas de Conceito (PoCs) e projetos piloto","Sim","6-12 meses","6-12 meses","Realização de POCs antes de produção","4","Sim"
"2026/03/03 6:58:37 PM GMT-3","DevOps Engineer","5-10 anos","3-5 anos","Não possuo certificações","Não participo de comunidades técnicas","Grande (mais de 250 funcionários)","E-commerce/Varejo","2-4 anos","Kubernetes (self-hosted ou managed: EKS/AKS/GKE)","Desenvolvimento local;Staging/Homologação;Produção","Gradual (começou em desenvolvimento, depois staging, depois produção)","4","3","3","5","2","4","Mudanças organizacionais e culturais (adoção de DevOps, colaboração entre equipes)","Aprendizado autodirigido (tentativa e erro);Treinamento formal / cursos pagos (ex.: Udemy, Coursera, KodeKloud, Linux Academy);Tutoriais e artigos online (blogs, Medium, Dev.to);Documentação oficial (Kubernetes, Docker Docs);Agentes de inteligência artifical (IA)","Não","Sim, algumas horas por semana durante o expediente","Treinamento formal / cursos pagos (ex.: Udemy, Coursera, KodeKloud, Linux Academy)","Sim","12-18 meses","3-6 meses","Realização de POCs antes de produção","5","Sim"
"2026/03/03 7:07:34 PM GMT-3","DevOps Engineer","2-5 anos","3-5 anos","Não possuo certificações","Não participo de comunidades técnicas","Média (50-250 funcionários)","Fintech/Serviços Financeiros","2-4 anos","Kubernetes (self-hosted ou managed: EKS/AKS/GKE)","Desenvolvimento local;Staging/Homologação;Produção","Simultânea em todos os ambientes","3","3","4","4","5","4","Treinamento e desenvolvimento de habilidades (falta de capacitação, upskilling)","Comunidades técnicas (fóruns, Stack Overflow, Reddit);Tutoriais e artigos online (blogs, Medium, Dev.to)","Não","Sim, algumas horas por semana durante o expediente","Comunidades técnicas (fóruns, Stack Overflow, Reddit)","Sim","Menos de 3 meses","Menos de 1 mês","Experiência prévia com Docker","5","Sim"
"2026/03/04 1:24:48 PM GMT-3","Desenvolvedor","2-5 anos","1-3 anos","Não possuo certificações","Comunidades online (Slack, Discord, Reddit, entre outros)","Grande (mais de 250 funcionários)","Fintech/Serviços Financeiros","Mais de 4 anos","Kubernetes (self-hosted ou managed: EKS/AKS/GKE)","Desenvolvimento local;Staging/Homologação;Produção","Simultânea em todos os ambientes","3","4","3","3","3","2","Integração com sistemas legados","Comunidades técnicas (fóruns, Stack Overflow, Reddit);Treinamento formal / cursos pagos (ex.: Udemy, Coursera, KodeKloud, Linux Academy);Livros técnicos;Documentação oficial (Kubernetes, Docker Docs);Provas de Conceito (PoCs) e projetos piloto;Consultoria externa;Mentoria interna (desenvolvedores seniores ou especialistas)","Sim","Sim, algumas horas por semana durante o expediente","Mentoria interna (desenvolvedores seniores ou especialistas)","Não","12-18 meses","3-6 meses","Treinamento formal estruturado","4","Sim"
"2026/03/04 2:04:57 PM GMT-3","Não estou trabalhando no momento","2-5 anos","1-3 anos","Não possuo certificações","Comunidades online (Slack, Discord, Reddit, entre outros)","Grande (mais de 250 funcionários)","Fintech/Serviços Financeiros","Mais de 4 anos","Kubernetes (self-hosted ou managed: EKS/AKS/GKE)","Desenvolvimento local;Staging/Homologação;Produção","Gradual (começou em desenvolvimento, depois staging, depois produção)","4","1","3","2","1","1","Segurança","Consultoria externa;Mentoria interna (desenvolvedores seniores ou especialistas)","Não","Não, aprendi durante a execução dos projetos","Mentoria interna (desenvolvedores seniores ou especialistas)","Sim","6-12 meses","1-3 meses","Mentoria de especialistas internos ou externos","3","Sim"
"2026/03/04 2:31:05 PM GMT-3","DevOps Engineer","5-10 anos","1-3 anos","Não possuo certificações","Não participo de comunidades técnicas","Grande (mais de 250 funcionários)","Setor Público","2-4 anos","Outras soluções (Nomad, OpenShift, ECS)","Desenvolvimento local;Staging/Homologação;Produção","Gradual (começou em desenvolvimento, depois staging, depois produção)","3","5","3","4","2","2","CI/CD (automação, fluxos de deploy)","Aprendizado autodirigido (tentativa e erro);Consultoria externa;Mentoria interna (desenvolvedores seniores ou especialistas)","Não","Não, aprendi fora do horário de trabalho","Aprendizado autodirigido (tentativa e erro)","Sim","Menos de 3 meses","3-6 meses","Mentoria de especialistas internos ou externos","5","Sim"
"2026/03/04 2:44:57 PM GMT-3","DevOps Engineer","5-10 anos","Mais de 5 anos","CKAD (Certified Kubernetes Application Developer);Outras certificações cloud (AWS/Azure/GCP relacionadas a containers)","Não participo de comunidades técnicas","Média (50-250 funcionários)","Fintech/Serviços Financeiros","Mais de 4 anos","Outras soluções (Nomad, OpenShift, ECS)","Desenvolvimento local;Staging/Homologação;Produção","Simultânea em todos os ambientes","4","3","3","3","2","3","Monitoramento e observabilidade (monitoramento, logs, tracing)","Comunidades técnicas (fóruns, Stack Overflow, Reddit);Aprendizado autodirigido (tentativa e erro);Treinamento formal / cursos pagos (ex.: Udemy, Coursera, KodeKloud, Linux Academy);Tutoriais e artigos online (blogs, Medium, Dev.to);Documentação oficial (Kubernetes, Docker Docs);Provas de Conceito (PoCs) e projetos piloto;Agentes de inteligência artifical (IA)","Não","Não, aprendi fora do horário de trabalho","Tutoriais e artigos online (blogs, Medium, Dev.to)","Sim","3-6 meses","3-6 meses","Experiência prévia com Docker","5","Sim"
"2026/03/04 2:46:02 PM GMT-3","DevOps Engineer","2-5 anos","Menos de 6 meses","Não possuo certificações","Não participo de comunidades técnicas","Média (50-250 funcionários)","Benefícios","Menos de 1 ano","Kubernetes (self-hosted ou managed: EKS/AKS/GKE)","Desenvolvimento local;Staging/Homologação;Produção","Gradual (começou em desenvolvimento, depois staging, depois produção)","2","4","3","4","5","2","Complexidade técnica (curva de aprendizado íngreme, novos conceitos)","Comunidades técnicas (fóruns, Stack Overflow, Reddit);Aprendizado autodirigido (tentativa e erro);Treinamento formal / cursos pagos (ex.: Udemy, Coursera, KodeKloud, Linux Academy);Tutoriais e artigos online (blogs, Medium, Dev.to);Documentação oficial (Kubernetes, Docker Docs);Provas de Conceito (PoCs) e projetos piloto;Mentoria interna (desenvolvedores seniores ou especialistas);Agentes de inteligência artifical (IA)","Não","Não, aprendi durante a execução dos projetos","Agentes de inteligência artificial (IA)","Sim","3-6 meses","1-3 meses","Treinamento formal estruturado","3","Sim"
"2026/03/04 7:58:05 PM GMT-3","DevOps Engineer","Menos de 2 anos","1-3 anos","Outras certificações cloud (AWS/Azure/GCP relacionadas a containers)","Comunidades online (Slack, Discord, Reddit, entre outros)","Pequena (menos de 50 funcionários)","Saúde/HealthTech","Menos de 1 ano","Outras soluções (Nomad, OpenShift, ECS)","Desenvolvimento local;Produção","Simultânea em todos os ambientes","3","2","3","3","2","2","Complexidade técnica (curva de aprendizado íngreme, novos conceitos)","Aprendizado autodirigido (tentativa e erro);Agentes de inteligência artifical (IA)","Não","Sim, algumas horas por semana durante o expediente","Agentes de inteligência artificial (IA)","Não","6-12 meses","1-3 meses","Experiência prévia com Docker","5","Sim"
"2026/03/04 8:08:28 PM GMT-3","SRE (Site Reliability Engineer)","5-10 anos","3-5 anos","Não possuo certificações","Meetups presenciais;Comunidades online (Slack, Discord, Reddit, entre outros)","Pequena (menos de 50 funcionários)","Saas/Software","Mais de 4 anos","Kubernetes (self-hosted ou managed: EKS/AKS/GKE)","Desenvolvimento local;Staging/Homologação;Produção","Simultânea em todos os ambientes","3","3","2","1","1","1","Treinamento e desenvolvimento de habilidades (falta de capacitação, upskilling)","Aprendizado autodirigido (tentativa e erro);Treinamento formal / cursos pagos (ex.: Udemy, Coursera, KodeKloud, Linux Academy);Tutoriais e artigos online (blogs, Medium, Dev.to);Provas de Conceito (PoCs) e projetos piloto","Não","Não, aprendi fora do horário de trabalho","Treinamento formal / cursos pagos (ex.: Udemy, Coursera, KodeKloud, Linux Academy)","Sim","6-12 meses","3-6 meses","Experiência prévia com Docker","5","Sim"
"2026/03/04 8:33:22 PM GMT-3","Desenvolvedor","5-10 anos","Mais de 5 anos","Não possuo certificações","Comunidades online (Slack, Discord, Reddit, entre outros)","Grande (mais de 250 funcionários)","Fintech/Serviços Financeiros","Mais de 4 anos","Kubernetes (self-hosted ou managed: EKS/AKS/GKE)","Desenvolvimento local;Staging/Homologação;Produção","Gradual (começou em desenvolvimento, depois staging, depois produção)","4","4","3","3","3","2","Mudanças organizacionais e culturais (adoção de DevOps, colaboração entre equipes)","Aprendizado autodirigido (tentativa e erro);Documentação oficial (Kubernetes, Docker Docs);Provas de Conceito (PoCs) e projetos piloto;Mentoria interna (desenvolvedores seniores ou especialistas);Agentes de inteligência artifical (IA)","Não","Não, aprendi durante a execução dos projetos","Documentação oficial (Kubernetes, Docker Docs)","Sim","3-6 meses","3-6 meses","Experiência prévia com Docker","5","Sim"
"2026/03/04 8:37:26 PM GMT-3","DevOps Engineer","5-10 anos","3-5 anos","Outras certificações cloud (AWS/Azure/GCP relacionadas a containers)","Meetups presenciais;Comunidades online (Slack, Discord, Reddit, entre outros)","Pequena (menos de 50 funcionários)","Saas/Software","Menos de 1 ano","Docker Swarm","Staging/Homologação;Produção","Gradual (começou em desenvolvimento, depois staging, depois produção)","2","2","4","2","2","2","Monitoramento e observabilidade (monitoramento, logs, tracing)","Comunidades técnicas (fóruns, Stack Overflow, Reddit);Aprendizado autodirigido (tentativa e erro);Tutoriais e artigos online (blogs, Medium, Dev.to);Mentoria interna (desenvolvedores seniores ou especialistas);Agentes de inteligência artifical (IA)","Não","Sim, algumas horas por semana durante o expediente","Provas de Conceito (PoCs) e projetos piloto","Sim","Menos de 3 meses","1-3 meses","Realização de POCs antes de produção","5","Sim"
"2026/03/04 10:30:35 PM GMT-3","Desenvolvedor","2-5 anos","1-3 anos","Não possuo certificações","Comunidades online (Slack, Discord, Reddit, entre outros)","Pequena (menos de 50 funcionários)","Saas/Software","1-2 anos","Kubernetes (self-hosted ou managed: EKS/AKS/GKE)","Desenvolvimento local;Staging/Homologação;Produção","Gradual (começou em desenvolvimento, depois staging, depois produção)","4","2","3","3","2","3","Custos de infraestrutura","Comunidades técnicas (fóruns, Stack Overflow, Reddit);Aprendizado autodirigido (tentativa e erro);Treinamento formal / cursos pagos (ex.: Udemy, Coursera, KodeKloud, Linux Academy);Agentes de inteligência artifical (IA)","Não","Sim, algumas horas por semana durante o expediente","Comunidades técnicas (fóruns, Stack Overflow, Reddit)","Não","6-12 meses","3-6 meses","Participação em comunidades técnicas","4","Sim"
"2026/03/04 10:57:42 PM GMT-3","DevOps Engineer","Mais de 10 anos","3-5 anos","CKA (Certified Kubernetes Administrator);Outras certificações cloud (AWS/Azure/GCP relacionadas a containers)","Comunidades online (Slack, Discord, Reddit, entre outros)","Grande (mais de 250 funcionários)","Telecom","Mais de 4 anos","Kubernetes (self-hosted ou managed: EKS/AKS/GKE)","Desenvolvimento local;Staging/Homologação;Produção","Gradual (começou em desenvolvimento, depois staging, depois produção)","3","2","2","3","4","3","CI/CD (automação, fluxos de deploy)","Treinamento formal / cursos pagos (ex.: Udemy, Coursera, KodeKloud, Linux Academy);Documentação oficial (Kubernetes, Docker Docs);Provas de Conceito (PoCs) e projetos piloto;Mentoria interna (desenvolvedores seniores ou especialistas)","Sim","Sim, algumas horas por semana durante o expediente","Mentoria interna (desenvolvedores seniores ou especialistas)","Sim","3-6 meses","Menos de 1 mês","Mentoria de especialistas internos ou externos","4","Sim"
"2026/03/05 7:24:50 AM GMT-3","DevOps Engineer","5-10 anos","1-3 anos","Não possuo certificações","Meetups presenciais;Comunidades online (Slack, Discord, Reddit, entre outros)","Média (50-250 funcionários)","Setor Público","2-4 anos","Kubernetes (self-hosted ou managed: EKS/AKS/GKE)","Desenvolvimento local;Staging/Homologação;Produção","Gradual (começou em desenvolvimento, depois staging, depois produção)","4","3","3","3","4","2","Segurança","Comunidades técnicas (fóruns, Stack Overflow, Reddit);Aprendizado autodirigido (tentativa e erro);Treinamento formal / cursos pagos (ex.: Udemy, Coursera, KodeKloud, Linux Academy);Tutoriais e artigos online (blogs, Medium, Dev.to);Documentação oficial (Kubernetes, Docker Docs);Provas de Conceito (PoCs) e projetos piloto","Não","Não, aprendi durante a execução dos projetos","Provas de Conceito (PoCs) e projetos piloto","Sim","6-12 meses","1-3 meses","Realização de POCs antes de produção","5","Sim"
"2026/03/05 9:30:21 AM GMT-3","Desenvolvedor","2-5 anos","1-3 anos","Não possuo certificações","Não participo de comunidades técnicas","Grande (mais de 250 funcionários)","Consultoria","Mais de 4 anos","Outras soluções (Nomad, OpenShift, ECS)","Staging/Homologação;Produção","Gradual (começou em desenvolvimento, depois staging, depois produção)","3","2","1","4","4","2","Mudanças organizacionais e culturais (adoção de DevOps, colaboração entre equipes)","Treinamento formal / cursos pagos (ex.: Udemy, Coursera, KodeKloud, Linux Academy);Livros técnicos;Tutoriais e artigos online (blogs, Medium, Dev.to);Documentação oficial (Kubernetes, Docker Docs);Consultoria externa;Mentoria interna (desenvolvedores seniores ou especialistas)","Sim","Não, aprendi fora do horário de trabalho","Comunidades técnicas (fóruns, Stack Overflow, Reddit)","Sim","Menos de 3 meses","1-3 meses","Mentoria de especialistas internos ou externos","5","Sim"
"2026/03/05 10:36:22 AM GMT-3","Arquiteto de Soluções","5-10 anos","3-5 anos","Não possuo certificações","Comunidades online (Slack, Discord, Reddit, entre outros);Contribuo com projetos open source relacionados","Média (50-250 funcionários)","Saas/Software","Mais de 4 anos","Kubernetes (self-hosted ou managed: EKS/AKS/GKE)","Desenvolvimento local;Staging/Homologação;Produção","Gradual (começou em desenvolvimento, depois staging, depois produção)","3","4","3","4","5","1","Segurança","Comunidades técnicas (fóruns, Stack Overflow, Reddit);Aprendizado autodirigido (tentativa e erro);Treinamento formal / cursos pagos (ex.: Udemy, Coursera, KodeKloud, Linux Academy);Tutoriais e artigos online (blogs, Medium, Dev.to);Documentação oficial (Kubernetes, Docker Docs);Provas de Conceito (PoCs) e projetos piloto","Não","Não, aprendi fora do horário de trabalho","Documentação oficial (Kubernetes, Docker Docs)","Sim","3-6 meses","1-3 meses","Realização de POCs antes de produção","5","Sim"
"2026/03/05 11:48:12 AM GMT-3","DevOps Engineer","5-10 anos","Mais de 5 anos","Outras certificações cloud (AWS/Azure/GCP relacionadas a containers)","Meetups presenciais;Comunidades online (Slack, Discord, Reddit, entre outros);Contribuo com projetos open source relacionados","Média (50-250 funcionários)","Saas/Software","1-2 anos","Kubernetes (self-hosted ou managed: EKS/AKS/GKE)","Desenvolvimento local;Staging/Homologação;Produção","Gradual (começou em desenvolvimento, depois staging, depois produção)","4","4","4","3","4","3","Complexidade técnica (curva de aprendizado íngreme, novos conceitos)","Comunidades técnicas (fóruns, Stack Overflow, Reddit);Aprendizado autodirigido (tentativa e erro);Treinamento formal / cursos pagos (ex.: Udemy, Coursera, KodeKloud, Linux Academy);Livros técnicos;Tutoriais e artigos online (blogs, Medium, Dev.to);Documentação oficial (Kubernetes, Docker Docs);Provas de Conceito (PoCs) e projetos piloto;Mentoria interna (desenvolvedores seniores ou especialistas)","Não","Não, aprendi durante a execução dos projetos","Documentação oficial (Kubernetes, Docker Docs)","Sim","3-6 meses","3-6 meses","Realização de POCs antes de produção","4","Sim"
"2026/03/05 1:28:49 PM GMT-3","DevOps Engineer","5-10 anos","1-3 anos","CKA (Certified Kubernetes Administrator)","Meetups presenciais;Comunidades online (Slack, Discord, Reddit, entre outros)","Média (50-250 funcionários)","AWS Partner, foco em migrações cloud.","Mais de 4 anos","Kubernetes (self-hosted ou managed: EKS/AKS/GKE)","Desenvolvimento local;Staging/Homologação;Produção","Simultânea em todos os ambientes","1","2","2","1","2","1","A adoção foi tranquila.","Comunidades técnicas (fóruns, Stack Overflow, Reddit);Aprendizado autodirigido (tentativa e erro);Treinamento formal / cursos pagos (ex.: Udemy, Coursera, KodeKloud, Linux Academy);Livros técnicos;Tutoriais e artigos online (blogs, Medium, Dev.to);Documentação oficial (Kubernetes, Docker Docs);Provas de Conceito (PoCs) e projetos piloto;Mentoria interna (desenvolvedores seniores ou especialistas);Agentes de inteligência artifical (IA)","Sim","Sim, algumas horas por semana durante o expediente","Documentação oficial (Kubernetes, Docker Docs)","Sim","6-12 meses","Menos de 1 mês","Treinamento formal estruturado","5","Sim"
"2026/03/05 7:52:59 PM GMT-3","Desenvolvedor","Menos de 2 anos","6 meses - 1 ano","Não possuo certificações","Não participo de comunidades técnicas","Grande (mais de 250 funcionários)","Setor logístico + Software","Menos de 1 ano","Outras soluções (Nomad, OpenShift, ECS)","Desenvolvimento local;Staging/Homologação;Produção","Gradual (começou em desenvolvimento, depois staging, depois produção)","1","2","1","1","2","3","Custos de infraestrutura","Aprendizado autodirigido (tentativa e erro);Tutoriais e artigos online (blogs, Medium, Dev.to);Agentes de inteligência artifical (IA)","Não","Não, aprendi durante a execução dos projetos","Aprendizado autodirigido (tentativa e erro)","Sim","Menos de 3 meses","Menos de 1 mês","Realização de POCs antes de produção","4","Sim"
"2026/03/06 7:00:45 AM GMT-3","Arquiteto de Soluções","Mais de 10 anos","Mais de 5 anos","Não possuo certificações","Meetups presenciais;Comunidades online (Slack, Discord, Reddit, entre outros)","Grande (mais de 250 funcionários)","Saúde/HealthTech","Mais de 4 anos","Docker Swarm","Desenvolvimento local;Staging/Homologação;Produção","Gradual (começou em desenvolvimento, depois staging, depois produção)","2","2","2","2","3","2","Persistência de dados e gestão de estado","Comunidades técnicas (fóruns, Stack Overflow, Reddit);Treinamento formal / cursos pagos (ex.: Udemy, Coursera, KodeKloud, Linux Academy);Livros técnicos;Tutoriais e artigos online (blogs, Medium, Dev.to);Documentação oficial (Kubernetes, Docker Docs);Provas de Conceito (PoCs) e projetos piloto;Mentoria interna (desenvolvedores seniores ou especialistas);Agentes de inteligência artifical (IA)","Não","Não, aprendi fora do horário de trabalho","Documentação oficial (Kubernetes, Docker Docs)","Sim","6-12 meses","6-12 meses","Tempo dedicado exclusivo para estudo","5","Sim"
"2026/03/06 8:36:03 AM GMT-3","DevOps Engineer","Mais de 10 anos","1-3 anos","Linux Professional Institute LPIC-3 Virtualization and Containerization","Comunidades online (Slack, Discord, Reddit, entre outros)","Grande (mais de 250 funcionários)","Setor Público","Mais de 4 anos","Outras soluções (Nomad, OpenShift, ECS)","Desenvolvimento local;Staging/Homologação;Produção","Gradual (começou em desenvolvimento, depois staging, depois produção)","3","5","4","5","3","3","Custos de infraestrutura","Treinamento formal / cursos pagos (ex.: Udemy, Coursera, KodeKloud, Linux Academy);Livros técnicos;Tutoriais e artigos online (blogs, Medium, Dev.to);Documentação oficial (Kubernetes, Docker Docs);Consultoria externa;Agentes de inteligência artifical (IA)","Sim","Sim, algumas horas por semana durante o expediente","Treinamento formal / cursos pagos (ex.: Udemy, Coursera, KodeKloud, Linux Academy)","Sim","6-12 meses","1-3 meses","Realização de POCs antes de produção","5","Sim"
"2026/03/06 1:24:50 PM GMT-3","Desenvolvedor","5-10 anos","3-5 anos","Não possuo certificações","Comunidades online (Slack, Discord, Reddit, entre outros)","Grande (mais de 250 funcionários)","Fintech/Serviços Financeiros","Mais de 4 anos","Kubernetes (self-hosted ou managed: EKS/AKS/GKE)","Desenvolvimento local;Staging/Homologação;Produção","Simultânea em todos os ambientes","3","2","2","2","2","3","CI/CD (automação, fluxos de deploy)","Comunidades técnicas (fóruns, Stack Overflow, Reddit);Aprendizado autodirigido (tentativa e erro);Tutoriais e artigos online (blogs, Medium, Dev.to);Documentação oficial (Kubernetes, Docker Docs);Mentoria interna (desenvolvedores seniores ou especialistas)","Não","Não, aprendi fora do horário de trabalho","Comunidades técnicas (fóruns, Stack Overflow, Reddit)","Sim","3-6 meses","1-3 meses","Mentoria de especialistas internos ou externos","4","Sim"
"2026/03/06 1:50:37 PM GMT-3","DevOps Engineer","5-10 anos","6 meses - 1 ano","Outras certificações cloud (AWS/Azure/GCP relacionadas a containers)","Comunidades online (Slack, Discord, Reddit, entre outros)","Média (50-250 funcionários)","Telecom","1-2 anos","Kubernetes (self-hosted ou managed: EKS/AKS/GKE)","Desenvolvimento local","Simultânea em todos os ambientes","4","3","3","4","2","1","Mudanças organizacionais e culturais (adoção de DevOps, colaboração entre equipes)","Treinamento formal / cursos pagos (ex.: Udemy, Coursera, KodeKloud, Linux Academy)","Não","Não, aprendi fora do horário de trabalho","Treinamento formal / cursos pagos (ex.: Udemy, Coursera, KodeKloud, Linux Academy)","Sim","6-12 meses","3-6 meses","Realização de POCs antes de produção","4","Sim"
"2026/03/07 12:27:35 AM GMT-3","DevOps Engineer","2-5 anos","3-5 anos","CKA (Certified Kubernetes Administrator)","Meetups presenciais","Média (50-250 funcionários)","Fintech/Serviços Financeiros","Mais de 4 anos","Kubernetes (self-hosted ou managed: EKS/AKS/GKE)","Desenvolvimento local;Staging/Homologação;Produção","Gradual (começou em desenvolvimento, depois staging, depois produção)","3","3","5","5","2","4","Monitoramento e observabilidade (monitoramento, logs, tracing)","Comunidades técnicas (fóruns, Stack Overflow, Reddit);Aprendizado autodirigido (tentativa e erro);Treinamento formal / cursos pagos (ex.: Udemy, Coursera, KodeKloud, Linux Academy);Livros técnicos;Tutoriais e artigos online (blogs, Medium, Dev.to);Documentação oficial (Kubernetes, Docker Docs);Consultoria externa;Mentoria interna (desenvolvedores seniores ou especialistas)","Não","Não, aprendi durante a execução dos projetos","Documentação oficial (Kubernetes, Docker Docs)","Sim","3-6 meses","3-6 meses","Tempo dedicado exclusivo para estudo","5","Sim"
"2026/03/07 12:37:03 PM GMT-3","Estágio em tecnologia","Menos de 2 anos","Menos de 6 meses","Não possuo certificações","Comunidades online (Slack, Discord, Reddit, entre outros)","Média (50-250 funcionários)","Fintech/Serviços Financeiros","1-2 anos","Docker Swarm","Staging/Homologação;Produção","Simultânea em todos os ambientes","3","4","3","5","2","4","Mudanças organizacionais e culturais (adoção de DevOps, colaboração entre equipes)","Comunidades técnicas (fóruns, Stack Overflow, Reddit);Treinamento formal / cursos pagos (ex.: Udemy, Coursera, KodeKloud, Linux Academy);Documentação oficial (Kubernetes, Docker Docs);Provas de Conceito (PoCs) e projetos piloto;Consultoria externa;Mentoria interna (desenvolvedores seniores ou especialistas)","Sim","Não, aprendi fora do horário de trabalho","Documentação oficial (Kubernetes, Docker Docs)","Sim","6-12 meses","3-6 meses","Treinamento formal estruturado","3","Sim"
"2026/03/07 2:37:10 PM GMT-3","Technical Product Manager","Mais de 10 anos","3-5 anos","Não possuo certificações","Não participo de comunidades técnicas","Grande (mais de 250 funcionários)","Manufatura ","Mais de 4 anos","Kubernetes (self-hosted ou managed: EKS/AKS/GKE)","Desenvolvimento local;Staging/Homologação;Produção","Gradual (começou em desenvolvimento, depois staging, depois produção)","3","3","4","5","2","2","Mudanças organizacionais e culturais (adoção de DevOps, colaboração entre equipes)","Comunidades técnicas (fóruns, Stack Overflow, Reddit);Aprendizado autodirigido (tentativa e erro);Treinamento formal / cursos pagos (ex.: Udemy, Coursera, KodeKloud, Linux Academy);Documentação oficial (Kubernetes, Docker Docs);Provas de Conceito (PoCs) e projetos piloto;Agentes de inteligência artifical (IA)","Sim","Não, aprendi durante a execução dos projetos","Comunidades técnicas (fóruns, Stack Overflow, Reddit)","Sim","12-18 meses","3-6 meses","Realização de POCs antes de produção","4","Sim"
"2026/03/09 8:37:21 AM GMT-3","DevOps Engineer","5-10 anos","1-3 anos","Outras certificações cloud (AWS/Azure/GCP relacionadas a containers)","Meetups presenciais","Grande (mais de 250 funcionários)","Saas/Software","2-4 anos","Kubernetes (self-hosted ou managed: EKS/AKS/GKE)","Desenvolvimento local;Staging/Homologação;Produção","Gradual (começou em desenvolvimento, depois staging, depois produção)","3","2","1","4","3","2","Complexidade técnica (curva de aprendizado íngreme, novos conceitos)","Treinamento formal / cursos pagos (ex.: Udemy, Coursera, KodeKloud, Linux Academy);Documentação oficial (Kubernetes, Docker Docs);Provas de Conceito (PoCs) e projetos piloto;Agentes de inteligência artifical (IA)","Sim","Sim, algumas horas por semana durante o expediente","Provas de Conceito (PoCs) e projetos piloto","Sim","6-12 meses","1-3 meses","Realização de POCs antes de produção","3","Sim"
"2026/03/09 9:24:48 AM GMT-3","Desenvolvedor","2-5 anos","1-3 anos","Outras certificações cloud (AWS/Azure/GCP relacionadas a containers)","Não participo de comunidades técnicas","Média (50-250 funcionários)","Mídia/Entretenimento","Mais de 4 anos","Docker Swarm","Desenvolvimento local;Staging/Homologação;Produção","Gradual (começou em desenvolvimento, depois staging, depois produção)","3","3","4","5","3","5","Integração com sistemas legados","Aprendizado autodirigido (tentativa e erro)","Não","Não, aprendi durante a execução dos projetos","Aprendizado autodirigido (tentativa e erro)","Sim","12-18 meses","3-6 meses","Mentoria de especialistas internos ou externos","4","Sim"
"2026/03/10 2:25:29 PM GMT-3","DevOps Engineer","2-5 anos","3-5 anos","CKA (Certified Kubernetes Administrator)","Meetups presenciais;Comunidades online (Slack, Discord, Reddit, entre outros)","Grande (mais de 250 funcionários)","Telecom","Mais de 4 anos","Kubernetes (self-hosted ou managed: EKS/AKS/GKE)","Desenvolvimento local;Staging/Homologação;Produção","Simultânea em todos os ambientes","4","2","4","4","2","4","CI/CD (automação, fluxos de deploy)","Comunidades técnicas (fóruns, Stack Overflow, Reddit);Aprendizado autodirigido (tentativa e erro);Documentação oficial (Kubernetes, Docker Docs);Provas de Conceito (PoCs) e projetos piloto;Mentoria interna (desenvolvedores seniores ou especialistas);Agentes de inteligência artifical (IA)","Sim","Sim, tempo integral dedicado (semanas ou meses)","Aprendizado autodirigido (tentativa e erro)","Sim","3-6 meses","3-6 meses","Tempo dedicado exclusivo para estudo","5","Sim"
"2026/03/10 2:25:39 PM GMT-3","Desenvolvedor","2-5 anos","6 meses - 1 ano","Não possuo certificações","Não participo de comunidades técnicas","Grande (mais de 250 funcionários)","Saas/Software","1-2 anos","Kubernetes (self-hosted ou managed: EKS/AKS/GKE)","Staging/Homologação;Produção","Gradual (começou em desenvolvimento, depois staging, depois produção)","3","3","2","4","4","3","Treinamento e desenvolvimento de habilidades (falta de capacitação, upskilling)","Comunidades técnicas (fóruns, Stack Overflow, Reddit);Treinamento formal / cursos pagos (ex.: Udemy, Coursera, KodeKloud, Linux Academy);Tutoriais e artigos online (blogs, Medium, Dev.to);Mentoria interna (desenvolvedores seniores ou especialistas);Agentes de inteligência artifical (IA)","Não","Não, aprendi durante a execução dos projetos","Agentes de inteligência artificial (IA)","Sim","3-6 meses","3-6 meses","Experiência prévia com Docker","4","Sim"
"2026/03/10 2:43:48 PM GMT-3","Estágio em tecnologia","Menos de 2 anos","Menos de 6 meses","Não possuo certificações","Não participo de comunidades técnicas","Média (50-250 funcionários)","Engenharia Elétrica","Menos de 1 ano","Kubernetes (self-hosted ou managed: EKS/AKS/GKE)","Desenvolvimento local","Apenas em ambientes específicos (não chegou em produção ainda)","3","1","4","2","5","5","CI/CD (automação, fluxos de deploy)","Treinamento formal / cursos pagos (ex.: Udemy, Coursera, KodeKloud, Linux Academy)","Sim","Sim, algumas horas por semana durante o expediente","Treinamento formal / cursos pagos (ex.: Udemy, Coursera, KodeKloud, Linux Academy)","Não","Menos de 3 meses","1-3 meses","Tempo dedicado exclusivo para estudo","3","Sim"
"2026/03/11 2:53:47 PM GMT-3","DevOps Engineer","2-5 anos","3-5 anos","CKA (Certified Kubernetes Administrator);Outras certificações cloud (AWS/Azure/GCP relacionadas a containers)","Comunidades online (Slack, Discord, Reddit, entre outros)","Grande (mais de 250 funcionários)","Fintech/Serviços Financeiros","Mais de 4 anos","Kubernetes (self-hosted ou managed: EKS/AKS/GKE)","Desenvolvimento local;Staging/Homologação;Produção","Gradual (começou em desenvolvimento, depois staging, depois produção)","2","3","4","4","2","1","Monitoramento e observabilidade (monitoramento, logs, tracing)","Comunidades técnicas (fóruns, Stack Overflow, Reddit);Aprendizado autodirigido (tentativa e erro);Treinamento formal / cursos pagos (ex.: Udemy, Coursera, KodeKloud, Linux Academy);Livros técnicos;Tutoriais e artigos online (blogs, Medium, Dev.to);Documentação oficial (Kubernetes, Docker Docs);Provas de Conceito (PoCs) e projetos piloto;Consultoria externa;Mentoria interna (desenvolvedores seniores ou especialistas);Agentes de inteligência artifical (IA)","Sim","Sim, algumas horas por semana durante o expediente","Documentação oficial (Kubernetes, Docker Docs)","Sim","6-12 meses","1-3 meses","Tempo dedicado exclusivo para estudo","5","Sim"
"2026/03/12 6:15:30 PM GMT-3","SRE (Site Reliability Engineer)","5-10 anos","Mais de 5 anos","Outras certificações cloud (AWS/Azure/GCP relacionadas a containers)","Não participo de comunidades técnicas","Grande (mais de 250 funcionários)","Fintech/Serviços Financeiros","Mais de 4 anos","Outras soluções (Nomad, OpenShift, ECS)","Desenvolvimento local;Staging/Homologação;Produção","Simultânea em todos os ambientes","3","4","5","2","3","3","Monitoramento e observabilidade (monitoramento, logs, tracing)","Comunidades técnicas (fóruns, Stack Overflow, Reddit);Aprendizado autodirigido (tentativa e erro);Documentação oficial (Kubernetes, Docker Docs);Provas de Conceito (PoCs) e projetos piloto;Consultoria externa","Sim","Não, aprendi fora do horário de trabalho","Documentação oficial (Kubernetes, Docker Docs)","Sim","6-12 meses","6-12 meses","Realização de POCs antes de produção","3","Sim"
"2026/03/12 6:35:41 PM GMT-3","DevOps Engineer","Mais de 10 anos","Mais de 5 anos","Outras certificações cloud (AWS/Azure/GCP relacionadas a containers)","Comunidades online (Slack, Discord, Reddit, entre outros)","Grande (mais de 250 funcionários)","Mídia/Entretenimento","Mais de 4 anos","Kubernetes (self-hosted ou managed: EKS/AKS/GKE)","Desenvolvimento local;Staging/Homologação;Produção","Gradual (começou em desenvolvimento, depois staging, depois produção)","3","2","4","1","1","3","Monitoramento e observabilidade (monitoramento, logs, tracing)","Aprendizado autodirigido (tentativa e erro);Treinamento formal / cursos pagos (ex.: Udemy, Coursera, KodeKloud, Linux Academy);Tutoriais e artigos online (blogs, Medium, Dev.to);Documentação oficial (Kubernetes, Docker Docs);Provas de Conceito (PoCs) e projetos piloto","Sim","Não, aprendi durante a execução dos projetos","Comunidades técnicas (fóruns, Stack Overflow, Reddit)","Sim","Menos de 3 meses","1-3 meses","Realização de POCs antes de produção","5","Sim"
"2026/03/12 8:48:31 PM GMT-3","Desenvolvedor","2-5 anos","1-3 anos","Não possuo certificações","Comunidades online (Slack, Discord, Reddit, entre outros)","Média (50-250 funcionários)","Saas/Software","Mais de 4 anos","Kubernetes (self-hosted ou managed: EKS/AKS/GKE)","Desenvolvimento local;Staging/Homologação;Produção","Gradual (começou em desenvolvimento, depois staging, depois produção)","4","4","3","4","4","3","Integração com sistemas legados","Comunidades técnicas (fóruns, Stack Overflow, Reddit);Aprendizado autodirigido (tentativa e erro);Documentação oficial (Kubernetes, Docker Docs);Agentes de inteligência artifical (IA)","Não","Sim, algumas horas por semana durante o expediente","Aprendizado autodirigido (tentativa e erro)","Sim","Menos de 3 meses","3-6 meses","Mentoria de especialistas internos ou externos","4","Sim"
"2026/03/13 9:55:32 AM GMT-3","DevOps Engineer","Mais de 10 anos","1-3 anos","Não possuo certificações","Comunidades online (Slack, Discord, Reddit, entre outros)","Grande (mais de 250 funcionários)","Setor Público","Mais de 4 anos","Kubernetes (self-hosted ou managed: EKS/AKS/GKE)","Staging/Homologação;Produção","Gradual (começou em desenvolvimento, depois staging, depois produção)","5","5","3","5","3","5","Mudanças organizacionais e culturais (adoção de DevOps, colaboração entre equipes)","Treinamento formal / cursos pagos (ex.: Udemy, Coursera, KodeKloud, Linux Academy);Livros técnicos;Mentoria interna (desenvolvedores seniores ou especialistas);Agentes de inteligência artifical (IA)","Não","Não, aprendi fora do horário de trabalho","Treinamento formal / cursos pagos (ex.: Udemy, Coursera, KodeKloud, Linux Academy)","Sim","12-18 meses","3-6 meses","Realização de POCs antes de produção","5","Sim"
"2026/03/13 4:12:17 PM GMT-3","SRE (Site Reliability Engineer)","Mais de 10 anos","Mais de 5 anos","Não possuo certificações","Meetups presenciais;Não participo de comunidades técnicas","Grande (mais de 250 funcionários)","E-commerce/Varejo","Mais de 4 anos","Kubernetes (self-hosted ou managed: EKS/AKS/GKE)","Desenvolvimento local;Staging/Homologação;Produção","Gradual (começou em desenvolvimento, depois staging, depois produção)","4","3","3","3","2","3","Integração com sistemas legados","Treinamento formal / cursos pagos (ex.: Udemy, Coursera, KodeKloud, Linux Academy);Livros técnicos;Tutoriais e artigos online (blogs, Medium, Dev.to);Documentação oficial (Kubernetes, Docker Docs);Provas de Conceito (PoCs) e projetos piloto","Não","Não, aprendi durante a execução dos projetos","Treinamento formal / cursos pagos (ex.: Udemy, Coursera, KodeKloud, Linux Academy)","Sim","6-12 meses","3-6 meses","Realização de POCs antes de produção","5","Sim"
"2026/03/16 7:28:25 PM GMT-3","Desenvolvedor","Mais de 10 anos","Mais de 5 anos","Não possuo certificações","Comunidades online (Slack, Discord, Reddit, entre outros)","Grande (mais de 250 funcionários)","Saas/Software","Mais de 4 anos","Kubernetes (self-hosted ou managed: EKS/AKS/GKE)","Desenvolvimento local;Staging/Homologação;Produção","Simultânea em todos os ambientes","2","2","1","3","2","1","Complexidade técnica (curva de aprendizado íngreme, novos conceitos)","Comunidades técnicas (fóruns, Stack Overflow, Reddit);Aprendizado autodirigido (tentativa e erro);Treinamento formal / cursos pagos (ex.: Udemy, Coursera, KodeKloud, Linux Academy);Livros técnicos;Tutoriais e artigos online (blogs, Medium, Dev.to);Documentação oficial (Kubernetes, Docker Docs);Provas de Conceito (PoCs) e projetos piloto;Mentoria interna (desenvolvedores seniores ou especialistas);Agentes de inteligência artifical (IA)","Sim","Sim, algumas horas por semana durante o expediente","Livros técnicos","Sim","3-6 meses","Menos de 1 mês","Tempo dedicado exclusivo para estudo","5","Sim"
"2026/03/17 10:37:58 PM GMT-3","SRE (Site Reliability Engineer)","2-5 anos","1-3 anos","Não possuo certificações","Meetups presenciais;Comunidades online (Slack, Discord, Reddit, entre outros)","Média (50-250 funcionários)","tecnologia. Infraestrutura e monitoramento.","2-4 anos","Kubernetes (self-hosted ou managed: EKS/AKS/GKE)","Desenvolvimento local;Staging/Homologação;Produção","Gradual (começou em desenvolvimento, depois staging, depois produção)","3","3","2","1","2","2","Treinamento e desenvolvimento de habilidades (falta de capacitação, upskilling)","Comunidades técnicas (fóruns, Stack Overflow, Reddit);Aprendizado autodirigido (tentativa e erro);Documentação oficial (Kubernetes, Docker Docs)","Sim","Não, aprendi durante a execução dos projetos","Aprendizado autodirigido (tentativa e erro)","Sim","3-6 meses","1-3 meses","Experiência prévia com Docker","5","Sim"
"2026/03/24 9:18:51 AM GMT-3","SRE (Site Reliability Engineer)","Mais de 10 anos","6 meses - 1 ano","Não possuo certificações","Comunidades online (Slack, Discord, Reddit, entre outros)","Média (50-250 funcionários)","Saas/Software","Menos de 1 ano","Docker Swarm","Desenvolvimento local;Staging/Homologação;Produção","Apenas em ambientes específicos (não chegou em produção ainda)","4","5","4","5","5","5","Complexidade técnica (curva de aprendizado íngreme, novos conceitos)","Comunidades técnicas (fóruns, Stack Overflow, Reddit);Aprendizado autodirigido (tentativa e erro);Treinamento formal / cursos pagos (ex.: Udemy, Coursera, KodeKloud, Linux Academy);Documentação oficial (Kubernetes, Docker Docs)","Não","Não, aprendi fora do horário de trabalho","Documentação oficial (Kubernetes, Docker Docs)","Não","6-12 meses","6-12 meses","Participação em comunidades técnicas","3","Sim"
"2026/03/25 8:51:47 AM GMT-3","SRE (Site Reliability Engineer)","5-10 anos","Mais de 5 anos","CKA (Certified Kubernetes Administrator)","Não participo de comunidades técnicas","Grande (mais de 250 funcionários)","Fintech/Serviços Financeiros","Mais de 4 anos","Kubernetes (self-hosted ou managed: EKS/AKS/GKE)","Desenvolvimento local;Staging/Homologação;Produção","Gradual (começou em desenvolvimento, depois staging, depois produção)","3","4","3","5","4","4","Mudanças organizacionais e culturais (adoção de DevOps, colaboração entre equipes)","Treinamento formal / cursos pagos (ex.: Udemy, Coursera, KodeKloud, Linux Academy);Documentação oficial (Kubernetes, Docker Docs);Provas de Conceito (PoCs) e projetos piloto;Mentoria interna (desenvolvedores seniores ou especialistas)","Sim","Sim, algumas horas por semana durante o expediente","Treinamento formal / cursos pagos (ex.: Udemy, Coursera, KodeKloud, Linux Academy)","Sim","6-12 meses","6-12 meses","Treinamento formal estruturado","5","Sim"
"2026/03/25 11:42:38 AM GMT-3","Desenvolvedor","2-5 anos","3-5 anos","Não possuo certificações","Meetups presenciais;Comunidades online (Slack, Discord, Reddit, entre outros)","Grande (mais de 250 funcionários)","Fintech/Serviços Financeiros","Mais de 4 anos","Kubernetes (self-hosted ou managed: EKS/AKS/GKE)","Staging/Homologação;Produção","Simultânea em todos os ambientes","3","2","4","3","1","4","Monitoramento e observabilidade (monitoramento, logs, tracing)","Tutoriais e artigos online (blogs, Medium, Dev.to);Mentoria interna (desenvolvedores seniores ou especialistas);Agentes de inteligência artifical (IA)","Não","Sim, algumas horas por semana durante o expediente","Treinamento formal / cursos pagos (ex.: Udemy, Coursera, KodeKloud, Linux Academy)","Não","3-6 meses","3-6 meses","Tempo dedicado exclusivo para estudo","5","Sim"
"2026/03/25 3:13:00 PM GMT-3","DevOps Engineer","5-10 anos","3-5 anos","Não possuo certificações","Não participo de comunidades técnicas","Pequena (menos de 50 funcionários)","Saas/Software","2-4 anos","Kubernetes (self-hosted ou managed: EKS/AKS/GKE)","Staging/Homologação;Produção","Simultânea em todos os ambientes","3","4","3","3","2","3","Complexidade técnica (curva de aprendizado íngreme, novos conceitos)","Treinamento formal / cursos pagos (ex.: Udemy, Coursera, KodeKloud, Linux Academy);Documentação oficial (Kubernetes, Docker Docs);Provas de Conceito (PoCs) e projetos piloto","Não","Sim, tempo integral dedicado (semanas ou meses)","Treinamento formal / cursos pagos (ex.: Udemy, Coursera, KodeKloud, Linux Academy)","Sim","12-18 meses","3-6 meses","Tempo dedicado exclusivo para estudo","4","Sim"
"2026/03/25 3:18:02 PM GMT-3","Desenvolvedor","2-5 anos","1-3 anos","Não possuo certificações","Não participo de comunidades técnicas","Grande (mais de 250 funcionários)","E-commerce/Varejo","Menos de 1 ano","Outras soluções (Nomad, OpenShift, ECS)","Desenvolvimento local;Staging/Homologação","Gradual (começou em desenvolvimento, depois staging, depois produção)","1","2","2","3","1","1","Integração com sistemas legados","Comunidades técnicas (fóruns, Stack Overflow, Reddit);Aprendizado autodirigido (tentativa e erro);Documentação oficial (Kubernetes, Docker Docs);Agentes de inteligência artifical (IA)","Não","Não, aprendi durante a execução dos projetos","Documentação oficial (Kubernetes, Docker Docs)","Não","Menos de 3 meses","Menos de 1 mês","Tempo dedicado exclusivo para estudo","4","Sim"
"2026/03/25 3:30:10 PM GMT-3","Líder Técnico/Tech Lead","Mais de 10 anos","Mais de 5 anos","Não possuo certificações","Não participo de comunidades técnicas","Grande (mais de 250 funcionários)","Saas/Software","Mais de 4 anos","Kubernetes (self-hosted ou managed: EKS/AKS/GKE)","Desenvolvimento local;Staging/Homologação;Produção","Gradual (começou em desenvolvimento, depois staging, depois produção)","3","5","4","3","3","3","Complexidade técnica (curva de aprendizado íngreme, novos conceitos)","Aprendizado autodirigido (tentativa e erro);Treinamento formal / cursos pagos (ex.: Udemy, Coursera, KodeKloud, Linux Academy);Tutoriais e artigos online (blogs, Medium, Dev.to);Documentação oficial (Kubernetes, Docker Docs)","Não","Não, aprendi durante a execução dos projetos","Treinamento formal / cursos pagos (ex.: Udemy, Coursera, KodeKloud, Linux Academy)","Não","6-12 meses","1-3 meses","Experiência prévia com Docker","3","Sim"
"2026/03/25 3:36:04 PM GMT-3","Arquiteto de Soluções","2-5 anos","3-5 anos","Não possuo certificações","Meetups presenciais;Comunidades online (Slack, Discord, Reddit, entre outros)","Grande (mais de 250 funcionários)","Fintech/Serviços Financeiros","Mais de 4 anos","Outras soluções (Nomad, OpenShift, ECS)","Desenvolvimento local;Staging/Homologação;Produção","Gradual (começou em desenvolvimento, depois staging, depois produção)","2","2","4","2","2","3","Integração com sistemas legados","Comunidades técnicas (fóruns, Stack Overflow, Reddit);Aprendizado autodirigido (tentativa e erro);Treinamento formal / cursos pagos (ex.: Udemy, Coursera, KodeKloud, Linux Academy);Provas de Conceito (PoCs) e projetos piloto","Sim","Sim, algumas horas por semana durante o expediente","Aprendizado autodirigido (tentativa e erro)","Sim","6-12 meses","3-6 meses","Tempo dedicado exclusivo para estudo","5","Sim"
"2026/03/25 3:37:01 PM GMT-3","SRE (Site Reliability Engineer)","Mais de 10 anos","Mais de 5 anos","CKA (Certified Kubernetes Administrator)","Meetups presenciais","Grande (mais de 250 funcionários)","Fintech/Serviços Financeiros","Mais de 4 anos","Outras soluções (Nomad, OpenShift, ECS)","Desenvolvimento local;Staging/Homologação;Produção","Simultânea em todos os ambientes","4","3","4","4","4","3","Networking","Comunidades técnicas (fóruns, Stack Overflow, Reddit);Treinamento formal / cursos pagos (ex.: Udemy, Coursera, KodeKloud, Linux Academy);Documentação oficial (Kubernetes, Docker Docs);Provas de Conceito (PoCs) e projetos piloto","Não","Não, aprendi durante a execução dos projetos","Documentação oficial (Kubernetes, Docker Docs)","Sim","Menos de 3 meses","Menos de 1 mês","Realização de POCs antes de produção","4","Sim"
"2026/03/25 3:48:37 PM GMT-3","DevOps Engineer","5-10 anos","Mais de 5 anos","CKA (Certified Kubernetes Administrator)","Meetups presenciais;Comunidades online (Slack, Discord, Reddit, entre outros)","Grande (mais de 250 funcionários)","Fintech/Serviços Financeiros","Mais de 4 anos","Kubernetes (self-hosted ou managed: EKS/AKS/GKE)","Desenvolvimento local;Staging/Homologação;Produção","Gradual (começou em desenvolvimento, depois staging, depois produção)","3","3","4","3","2","4","Monitoramento e observabilidade (monitoramento, logs, tracing)","Comunidades técnicas (fóruns, Stack Overflow, Reddit);Aprendizado autodirigido (tentativa e erro);Treinamento formal / cursos pagos (ex.: Udemy, Coursera, KodeKloud, Linux Academy);Livros técnicos;Tutoriais e artigos online (blogs, Medium, Dev.to);Documentação oficial (Kubernetes, Docker Docs);Provas de Conceito (PoCs) e projetos piloto","Não","Não, aprendi fora do horário de trabalho","Documentação oficial (Kubernetes, Docker Docs)","Sim","3-6 meses","3-6 meses","Realização de POCs antes de produção","5","Sim"
"2026/03/25 3:49:18 PM GMT-3","Platform Engineer","Mais de 10 anos","3-5 anos","CKA (Certified Kubernetes Administrator);CKAD (Certified Kubernetes Application Developer);CKS (Certified Kubernetes Security Specialist)","Comunidades online (Slack, Discord, Reddit, entre outros)","Grande (mais de 250 funcionários)","Saúde/HealthTech","Mais de 4 anos","Kubernetes (self-hosted ou managed: EKS/AKS/GKE)","Desenvolvimento local;Staging/Homologação;Produção","Gradual (começou em desenvolvimento, depois staging, depois produção)","3","4","5","4","4","3","Complexidade técnica (curva de aprendizado íngreme, novos conceitos)","Comunidades técnicas (fóruns, Stack Overflow, Reddit);Treinamento formal / cursos pagos (ex.: Udemy, Coursera, KodeKloud, Linux Academy);Tutoriais e artigos online (blogs, Medium, Dev.to);Documentação oficial (Kubernetes, Docker Docs);Provas de Conceito (PoCs) e projetos piloto","Não","Sim, tempo integral dedicado (semanas ou meses)","Provas de Conceito (PoCs) e projetos piloto","Sim","12-18 meses","Menos de 1 mês","Mentoria de especialistas internos ou externos","3","Sim"
"2026/03/25 4:05:31 PM GMT-3","Desenvolvedor","5-10 anos","1-3 anos","Cursos da Alura","Não participo de comunidades técnicas","Grande (mais de 250 funcionários)","Fintech/Serviços Financeiros","Mais de 4 anos","Kubernetes (self-hosted ou managed: EKS/AKS/GKE)","Staging/Homologação;Produção","Gradual (começou em desenvolvimento, depois staging, depois produção)","3","2","4","3","1","4","Conseguir realizar a migração sem comprometer produção ","Comunidades técnicas (fóruns, Stack Overflow, Reddit);Aprendizado autodirigido (tentativa e erro);Tutoriais e artigos online (blogs, Medium, Dev.to);Documentação oficial (Kubernetes, Docker Docs);Provas de Conceito (PoCs) e projetos piloto;Agentes de inteligência artifical (IA)","Sim","Sim, algumas horas por semana durante o expediente","Documentação oficial (Kubernetes, Docker Docs)","Sim","3-6 meses","3-6 meses","Realização de POCs antes de produção","5","Sim"
"2026/03/26 9:10:22 AM GMT-3","Desenvolvedor","Mais de 10 anos","3-5 anos","Outras certificações cloud (AWS/Azure/GCP relacionadas a containers)","Não participo de comunidades técnicas","Pequena (menos de 50 funcionários)","Fintech/Serviços Financeiros","1-2 anos","Kubernetes (self-hosted ou managed: EKS/AKS/GKE)","Desenvolvimento local;Staging/Homologação;Produção","Gradual (começou em desenvolvimento, depois staging, depois produção)","4","4","3","4","5","3","Mudanças organizacionais e culturais (adoção de DevOps, colaboração entre equipes)","Comunidades técnicas (fóruns, Stack Overflow, Reddit);Aprendizado autodirigido (tentativa e erro);Tutoriais e artigos online (blogs, Medium, Dev.to);Agentes de inteligência artifical (IA)","Não","Não, aprendi durante a execução dos projetos","Tutoriais e artigos online (blogs, Medium, Dev.to)","Sim","3-6 meses","3-6 meses","Experiência prévia com Docker","4","Sim"
"2026/03/26 9:42:53 AM GMT-3","DevOps Engineer","Menos de 2 anos","1-3 anos","Não possuo certificações","Não participo de comunidades técnicas","Média (50-250 funcionários)","consultoria ","Mais de 4 anos","Kubernetes (self-hosted ou managed: EKS/AKS/GKE)","Desenvolvimento local;Staging/Homologação;Produção","Gradual (começou em desenvolvimento, depois staging, depois produção)","3","4","3","4","2","3","Networking","Comunidades técnicas (fóruns, Stack Overflow, Reddit);Aprendizado autodirigido (tentativa e erro);Treinamento formal / cursos pagos (ex.: Udemy, Coursera, KodeKloud, Linux Academy);Livros técnicos;Tutoriais e artigos online (blogs, Medium, Dev.to);Documentação oficial (Kubernetes, Docker Docs);Provas de Conceito (PoCs) e projetos piloto;Agentes de inteligência artifical (IA)","Sim","Sim, algumas horas por semana durante o expediente","Treinamento formal / cursos pagos (ex.: Udemy, Coursera, KodeKloud, Linux Academy)","Não","12-18 meses","6-12 meses","Treinamento formal estruturado","4","Sim"
"2026/03/26 10:28:19 AM GMT-3","Desenvolvedor","2-5 anos","1-3 anos","Não possuo certificações","Comunidades online (Slack, Discord, Reddit, entre outros)","Pequena (menos de 50 funcionários)","Saas/Software","1-2 anos","Docker Swarm","Desenvolvimento local;Staging/Homologação;Produção","Gradual (começou em desenvolvimento, depois staging, depois produção)","3","2","4","4","1","1","Mudanças organizacionais e culturais (adoção de DevOps, colaboração entre equipes)","Aprendizado autodirigido (tentativa e erro);Treinamento formal / cursos pagos (ex.: Udemy, Coursera, KodeKloud, Linux Academy)","Não","Não, aprendi fora do horário de trabalho","Aprendizado autodirigido (tentativa e erro)","Não","3-6 meses","Menos de 1 mês","Experiência prévia com Docker","3","Sim"
"2026/03/26 11:29:10 AM GMT-3","DevOps Engineer","5-10 anos","Mais de 5 anos","Não possuo certificações","Não participo de comunidades técnicas","Pequena (menos de 50 funcionários)","Fintech/Serviços Financeiros","Menos de 1 ano","Outras soluções (Nomad, OpenShift, ECS)","Staging/Homologação;Produção","Simultânea em todos os ambientes","1","3","3","5","4","2","Mudanças organizacionais e culturais (adoção de DevOps, colaboração entre equipes)","Tutoriais e artigos online (blogs, Medium, Dev.to);Mentoria interna (desenvolvedores seniores ou especialistas);Agentes de inteligência artifical (IA)","Não","Não, aprendi durante a execução dos projetos","Tutoriais e artigos online (blogs, Medium, Dev.to)","Sim","Menos de 3 meses","1-3 meses","Realização de POCs antes de produção","3","Sim"
"2026/03/26 11:56:01 AM GMT-3","DevOps Engineer","Mais de 10 anos","Mais de 5 anos","Não possuo certificações","Meetups presenciais","Grande (mais de 250 funcionários)","Fintech/Serviços Financeiros","Mais de 4 anos","Kubernetes (self-hosted ou managed: EKS/AKS/GKE)","Desenvolvimento local;Staging/Homologação;Produção","Simultânea em todos os ambientes","5","2","4","1","3","3","Monitoramento e observabilidade (monitoramento, logs, tracing)","Comunidades técnicas (fóruns, Stack Overflow, Reddit);Treinamento formal / cursos pagos (ex.: Udemy, Coursera, KodeKloud, Linux Academy);Documentação oficial (Kubernetes, Docker Docs);Provas de Conceito (PoCs) e projetos piloto","Não","Sim, algumas horas por semana durante o expediente","Documentação oficial (Kubernetes, Docker Docs)","Sim","6-12 meses","Menos de 1 mês","Realização de POCs antes de produção","5","Sim"
"2026/03/26 1:42:48 PM GMT-3","SRE (Site Reliability Engineer)","Mais de 10 anos","3-5 anos","Não possuo certificações","Não participo de comunidades técnicas","Grande (mais de 250 funcionários)","Segurança da informação ","2-4 anos","Kubernetes (self-hosted ou managed: EKS/AKS/GKE)","Desenvolvimento local;Staging/Homologação;Produção","Gradual (começou em desenvolvimento, depois staging, depois produção)","4","4","4","4","4","4","Integração com sistemas legados","Comunidades técnicas (fóruns, Stack Overflow, Reddit);Aprendizado autodirigido (tentativa e erro);Treinamento formal / cursos pagos (ex.: Udemy, Coursera, KodeKloud, Linux Academy);Livros técnicos;Tutoriais e artigos online (blogs, Medium, Dev.to);Documentação oficial (Kubernetes, Docker Docs);Provas de Conceito (PoCs) e projetos piloto;Agentes de inteligência artifical (IA)","Não","Não, aprendi durante a execução dos projetos","Treinamento formal / cursos pagos (ex.: Udemy, Coursera, KodeKloud, Linux Academy)","Sim","Mais de 18 meses","6-12 meses","Experiência prévia com Docker","3","Sim"
"2026/03/26 1:59:54 PM GMT-3","DevOps Engineer","5-10 anos","Mais de 5 anos","Outras certificações cloud (AWS/Azure/GCP relacionadas a containers)","Meetups presenciais","Grande (mais de 250 funcionários)","Educação/EdTech","Mais de 4 anos","Kubernetes (self-hosted ou managed: EKS/AKS/GKE)","Staging/Homologação;Produção","Gradual (começou em desenvolvimento, depois staging, depois produção)","4","3","3","5","3","4","Mudanças organizacionais e culturais (adoção de DevOps, colaboração entre equipes)","Treinamento formal / cursos pagos (ex.: Udemy, Coursera, KodeKloud, Linux Academy);Mentoria interna (desenvolvedores seniores ou especialistas);Agentes de inteligência artifical (IA)","Sim","Não, aprendi fora do horário de trabalho","Mentoria interna (desenvolvedores seniores ou especialistas)","Sim","6-12 meses","3-6 meses","Mentoria de especialistas internos ou externos","4","Sim"
"2026/03/26 2:02:08 PM GMT-3","Analista de segurança de aplicações","2-5 anos","1-3 anos","Não possuo certificações","Comunidades online (Slack, Discord, Reddit, entre outros)","Média (50-250 funcionários)","Consultoria","1-2 anos","Outras soluções (Nomad, OpenShift, ECS)","Desenvolvimento local","Gradual (começou em desenvolvimento, depois staging, depois produção)","2","3","2","2","2","2","Mudanças organizacionais e culturais (adoção de DevOps, colaboração entre equipes)","Comunidades técnicas (fóruns, Stack Overflow, Reddit);Treinamento formal / cursos pagos (ex.: Udemy, Coursera, KodeKloud, Linux Academy)","Não","Não, aprendi fora do horário de trabalho","Provas de Conceito (PoCs) e projetos piloto","Não","6-12 meses","3-6 meses","Experiência prévia com Docker","2","Sim"
"2026/03/26 2:07:22 PM GMT-3","DevOps Engineer","2-5 anos","3-5 anos","Outras certificações cloud (AWS/Azure/GCP relacionadas a containers)","Comunidades online (Slack, Discord, Reddit, entre outros)","Grande (mais de 250 funcionários)","Saas/Software","Mais de 4 anos","Kubernetes (self-hosted ou managed: EKS/AKS/GKE)","Desenvolvimento local;Staging/Homologação;Produção","Gradual (começou em desenvolvimento, depois staging, depois produção)","4","4","4","4","4","4","Mudanças organizacionais e culturais (adoção de DevOps, colaboração entre equipes)","Aprendizado autodirigido (tentativa e erro);Treinamento formal / cursos pagos (ex.: Udemy, Coursera, KodeKloud, Linux Academy);Tutoriais e artigos online (blogs, Medium, Dev.to);Documentação oficial (Kubernetes, Docker Docs);Provas de Conceito (PoCs) e projetos piloto;Mentoria interna (desenvolvedores seniores ou especialistas);Agentes de inteligência artifical (IA)","Sim","Sim, tempo integral dedicado (semanas ou meses)","Treinamento formal / cursos pagos (ex.: Udemy, Coursera, KodeKloud, Linux Academy)","Sim","6-12 meses","1-3 meses","Certificações profissionais","5","Sim"
"2026/03/26 2:48:30 PM GMT-3","SRE (Site Reliability Engineer)","Mais de 10 anos","3-5 anos","Outras certificações cloud (AWS/Azure/GCP relacionadas a containers)","Comunidades online (Slack, Discord, Reddit, entre outros);Contribuo com projetos open source relacionados","Grande (mais de 250 funcionários)","Telecom","Mais de 4 anos","Kubernetes (self-hosted ou managed: EKS/AKS/GKE)","Desenvolvimento local;Staging/Homologação;Produção","Simultânea em todos os ambientes","4","5","5","4","3","4","Monitoramento e observabilidade (monitoramento, logs, tracing)","Comunidades técnicas (fóruns, Stack Overflow, Reddit);Documentação oficial (Kubernetes, Docker Docs);Provas de Conceito (PoCs) e projetos piloto;Mentoria interna (desenvolvedores seniores ou especialistas)","Não","Não, aprendi durante a execução dos projetos","Provas de Conceito (PoCs) e projetos piloto","Sim","12-18 meses","6-12 meses","Realização de POCs antes de produção","5","Sim"
"2026/03/26 3:35:02 PM GMT-3","Desenvolvedor","Mais de 10 anos","Mais de 5 anos","Outras certificações cloud (AWS/Azure/GCP relacionadas a containers)","Meetups presenciais","Grande (mais de 250 funcionários)","Fintech/Serviços Financeiros","Mais de 4 anos","Kubernetes (self-hosted ou managed: EKS/AKS/GKE)","Desenvolvimento local;Staging/Homologação;Produção","Gradual (começou em desenvolvimento, depois staging, depois produção)","3","2","4","3","4","4","Segurança","Aprendizado autodirigido (tentativa e erro);Tutoriais e artigos online (blogs, Medium, Dev.to);Documentação oficial (Kubernetes, Docker Docs);Provas de Conceito (PoCs) e projetos piloto;Mentoria interna (desenvolvedores seniores ou especialistas)","Sim","Sim, algumas horas por semana durante o expediente","Provas de Conceito (PoCs) e projetos piloto","Sim","3-6 meses","6-12 meses","Tempo dedicado exclusivo para estudo","4","Sim"
"2026/03/26 4:21:03 PM GMT-3","Desenvolvedor","2-5 anos","6 meses - 1 ano","Não possuo certificações","Não participo de comunidades técnicas","Pequena (menos de 50 funcionários)","LawTech","Menos de 1 ano","Outras soluções (Nomad, OpenShift, ECS)","Staging/Homologação","Apenas em ambientes específicos (não chegou em produção ainda)","4","3","2","5","3","5","Integração com sistemas legados","Aprendizado autodirigido (tentativa e erro);Treinamento formal / cursos pagos (ex.: Udemy, Coursera, KodeKloud, Linux Academy);Tutoriais e artigos online (blogs, Medium, Dev.to);Documentação oficial (Kubernetes, Docker Docs);Agentes de inteligência artifical (IA)","Não","Não, aprendi durante a execução dos projetos","Agentes de inteligência artificial (IA)","Sim","3-6 meses","3-6 meses","Realização de POCs antes de produção","3","Sim"
"2026/03/26 8:46:49 PM GMT-3","Líder Técnico/Tech Lead","5-10 anos","3-5 anos","Outras certificações cloud (AWS/Azure/GCP relacionadas a containers)","Não participo de comunidades técnicas","Grande (mais de 250 funcionários)","Fintech/Serviços Financeiros","Mais de 4 anos","Outras soluções (Nomad, OpenShift, ECS)","Desenvolvimento local;Staging/Homologação;Produção","Simultânea em todos os ambientes","3","3","3","3","4","3","Networking","Treinamento formal / cursos pagos (ex.: Udemy, Coursera, KodeKloud, Linux Academy);Livros técnicos;Tutoriais e artigos online (blogs, Medium, Dev.to);Documentação oficial (Kubernetes, Docker Docs)","Sim","Sim, tempo integral dedicado (semanas ou meses)","Treinamento formal / cursos pagos (ex.: Udemy, Coursera, KodeKloud, Linux Academy)","Sim","12-18 meses","6-12 meses","Tempo dedicado exclusivo para estudo","4","Sim"
"2026/03/26 9:24:25 PM GMT-3","Desenvolvedor","Menos de 2 anos","1-3 anos","Não possuo certificações","Não participo de comunidades técnicas","Grande (mais de 250 funcionários)","Saas/Software","1-2 anos","Kubernetes (self-hosted ou managed: EKS/AKS/GKE)","Desenvolvimento local;Staging/Homologação;Produção","Gradual (começou em desenvolvimento, depois staging, depois produção)","3","4","3","5","4","5","Mudanças organizacionais e culturais (adoção de DevOps, colaboração entre equipes)","Aprendizado autodirigido (tentativa e erro);Documentação oficial (Kubernetes, Docker Docs);Provas de Conceito (PoCs) e projetos piloto;Mentoria interna (desenvolvedores seniores ou especialistas);Agentes de inteligência artifical (IA)","Não","Sim, algumas horas por semana durante o expediente","Agentes de inteligência artificial (IA)","Sim","3-6 meses","1-3 meses","Mentoria de especialistas internos ou externos","4","Sim"
"2026/03/26 9:40:35 PM GMT-3","DevOps Engineer","2-5 anos","1-3 anos","Outras certificações cloud (AWS/Azure/GCP relacionadas a containers);LPI","Comunidades online (Slack, Discord, Reddit, entre outros);Contribuo com projetos open source relacionados","Pequena (menos de 50 funcionários)","Saas/Software","Mais de 4 anos","Docker Swarm","Desenvolvimento local;Staging/Homologação;Produção","Gradual (começou em desenvolvimento, depois staging, depois produção)","3","3","2","4","2","2","Mudanças organizacionais e culturais (adoção de DevOps, colaboração entre equipes)","Comunidades técnicas (fóruns, Stack Overflow, Reddit);Aprendizado autodirigido (tentativa e erro);Tutoriais e artigos online (blogs, Medium, Dev.to);Documentação oficial (Kubernetes, Docker Docs);Provas de Conceito (PoCs) e projetos piloto","Sim","Sim, algumas horas por semana durante o expediente","Treinamento formal / cursos pagos (ex.: Udemy, Coursera, KodeKloud, Linux Academy)","Sim","6-12 meses","Menos de 1 mês","Treinamento formal estruturado","5","Sim"
"2026/03/26 10:34:22 PM GMT-3","Suporte","5-10 anos","1-3 anos","Não possuo certificações","Não participo de comunidades técnicas","Pequena (menos de 50 funcionários)","Saas/Software","Menos de 1 ano","Docker Swarm","Desenvolvimento local","Apenas em ambientes específicos (não chegou em produção ainda)","3","3","3","3","3","3","Complexidade técnica (curva de aprendizado íngreme, novos conceitos)","Aprendizado autodirigido (tentativa e erro);Treinamento formal / cursos pagos (ex.: Udemy, Coursera, KodeKloud, Linux Academy);Tutoriais e artigos online (blogs, Medium, Dev.to);Documentação oficial (Kubernetes, Docker Docs)","Não","Não, aprendi fora do horário de trabalho","Treinamento formal / cursos pagos (ex.: Udemy, Coursera, KodeKloud, Linux Academy)","Não","3-6 meses","Mais de 12 meses","Tempo dedicado exclusivo para estudo","3","Sim"
"2026/03/27 12:27:34 PM GMT-3","Desenvolvedor","2-5 anos","1-3 anos","Não possuo certificações","Não participo de comunidades técnicas","Pequena (menos de 50 funcionários)","Saas/Software","Mais de 4 anos","Docker Swarm","Staging/Homologação;Produção","Gradual (começou em desenvolvimento, depois staging, depois produção)","1","2","2","1","2","3","CI/CD (automação, fluxos de deploy)","Comunidades técnicas (fóruns, Stack Overflow, Reddit);Tutoriais e artigos online (blogs, Medium, Dev.to);Documentação oficial (Kubernetes, Docker Docs);Agentes de inteligência artifical (IA)","Não","Sim, algumas horas por semana durante o expediente","Documentação oficial (Kubernetes, Docker Docs)","Sim","Menos de 3 meses","Menos de 1 mês","Tempo dedicado exclusivo para estudo","4","Sim"
"2026/03/27 2:47:25 PM GMT-3","DevOps Engineer","5-10 anos","3-5 anos","CKA (Certified Kubernetes Administrator)","Meetups presenciais","Grande (mais de 250 funcionários)","Saas/Software","Mais de 4 anos","Kubernetes (self-hosted ou managed: EKS/AKS/GKE)","Desenvolvimento local;Staging/Homologação;Produção","Gradual (começou em desenvolvimento, depois staging, depois produção)","3","4","4","5","5","5","Complexidade técnica (curva de aprendizado íngreme, novos conceitos)","Treinamento formal / cursos pagos (ex.: Udemy, Coursera, KodeKloud, Linux Academy);Livros técnicos;Documentação oficial (Kubernetes, Docker Docs);Provas de Conceito (PoCs) e projetos piloto;Agentes de inteligência artifical (IA)","Sim","Sim, algumas horas por semana durante o expediente","Livros técnicos","Sim","12-18 meses","Mais de 12 meses","Treinamento formal estruturado","5","Sim"
"2026/03/27 3:52:26 PM GMT-3","Desenvolvedor","2-5 anos","1-3 anos","Não possuo certificações","Não participo de comunidades técnicas","Média (50-250 funcionários)","Saas/Software","Mais de 4 anos","Kubernetes (self-hosted ou managed: EKS/AKS/GKE)","Desenvolvimento local;Staging/Homologação;Produção","Gradual (começou em desenvolvimento, depois staging, depois produção)","4","5","4","3","4","3","Monitoramento e observabilidade (monitoramento, logs, tracing)","Treinamento formal / cursos pagos (ex.: Udemy, Coursera, KodeKloud, Linux Academy);Livros técnicos;Documentação oficial (Kubernetes, Docker Docs);Consultoria externa","Não","Não, aprendi fora do horário de trabalho","Treinamento formal / cursos pagos (ex.: Udemy, Coursera, KodeKloud, Linux Academy)","Não","6-12 meses","3-6 meses","Mentoria de especialistas internos ou externos","4","Sim"
"2026/03/27 6:09:15 PM GMT-3","Líder Técnico/Tech Lead","5-10 anos","3-5 anos","Não possuo certificações","Não participo de comunidades técnicas","Pequena (menos de 50 funcionários)","Telecom","2-4 anos","Kubernetes (self-hosted ou managed: EKS/AKS/GKE)","Desenvolvimento local;Staging/Homologação;Produção","Gradual (começou em desenvolvimento, depois staging, depois produção)","2","4","3","3","4","2","Complexidade técnica (curva de aprendizado íngreme, novos conceitos)","Comunidades técnicas (fóruns, Stack Overflow, Reddit);Aprendizado autodirigido (tentativa e erro);Tutoriais e artigos online (blogs, Medium, Dev.to);Documentação oficial (Kubernetes, Docker Docs);Provas de Conceito (PoCs) e projetos piloto;Agentes de inteligência artifical (IA)","Não","Não, aprendi fora do horário de trabalho","Aprendizado autodirigido (tentativa e erro)","Sim","3-6 meses","3-6 meses","Experiência prévia com Docker","5","Sim"
"2026/03/27 8:19:19 PM GMT-3","Desenvolvedor","5-10 anos","3-5 anos","Não possuo certificações","Comunidades online (Slack, Discord, Reddit, entre outros)","Grande (mais de 250 funcionários)","Saúde/HealthTech","Mais de 4 anos","Kubernetes (self-hosted ou managed: EKS/AKS/GKE)","Staging/Homologação;Produção","Gradual (começou em desenvolvimento, depois staging, depois produção)","2","4","3","2","3","2","Escalabilidade","Comunidades técnicas (fóruns, Stack Overflow, Reddit);Aprendizado autodirigido (tentativa e erro);Livros técnicos;Tutoriais e artigos online (blogs, Medium, Dev.to);Documentação oficial (Kubernetes, Docker Docs);Provas de Conceito (PoCs) e projetos piloto;Mentoria interna (desenvolvedores seniores ou especialistas);Agentes de inteligência artifical (IA)","Sim","Não, aprendi fora do horário de trabalho","Provas de Conceito (PoCs) e projetos piloto","Sim","3-6 meses","Menos de 1 mês","Experiência prévia com Docker","4","Sim"
"2026/03/31 2:43:46 PM GMT-3","Desenvolvedor","2-5 anos","1-3 anos","Não possuo certificações","Comunidades online (Slack, Discord, Reddit, entre outros)","Grande (mais de 250 funcionários)","Saas/Software","Mais de 4 anos","Kubernetes (self-hosted ou managed: EKS/AKS/GKE)","Desenvolvimento local;Staging/Homologação;Produção","Gradual (começou em desenvolvimento, depois staging, depois produção)","5","5","5","3","3","3","Complexidade técnica (curva de aprendizado íngreme, novos conceitos)","Treinamento formal / cursos pagos (ex.: Udemy, Coursera, KodeKloud, Linux Academy);Livros técnicos;Documentação oficial (Kubernetes, Docker Docs);Provas de Conceito (PoCs) e projetos piloto;Mentoria interna (desenvolvedores seniores ou especialistas)","Sim","Sim, algumas horas por semana durante o expediente","Mentoria interna (desenvolvedores seniores ou especialistas)","Sim","3-6 meses","1-3 meses","Realização de POCs antes de produção","5","Sim"
"2026/04/01 8:14:18 PM GMT-3","DevOps Engineer","2-5 anos","1-3 anos","Outras certificações cloud (AWS/Azure/GCP relacionadas a containers)","Não participo de comunidades técnicas","Grande (mais de 250 funcionários)","Setor Público","2-4 anos","Kubernetes (self-hosted ou managed: EKS/AKS/GKE)","Desenvolvimento local;Staging/Homologação;Produção","Apenas em ambientes específicos (não chegou em produção ainda)","4","4","4","4","4","4","Treinamento e desenvolvimento de habilidades (falta de capacitação, upskilling)","Aprendizado autodirigido (tentativa e erro);Treinamento formal / cursos pagos (ex.: Udemy, Coursera, KodeKloud, Linux Academy);Consultoria externa;Mentoria interna (desenvolvedores seniores ou especialistas);Agentes de inteligência artifical (IA)","Não","Não, aprendi fora do horário de trabalho","Treinamento formal / cursos pagos (ex.: Udemy, Coursera, KodeKloud, Linux Academy)","Não","6-12 meses","6-12 meses","Treinamento formal estruturado","2","Sim"
"2026/04/17 2:06:57 PM GMT-3","backend/devops","5-10 anos","Mais de 5 anos","Não possuo certificações","Não participo de comunidades técnicas","Grande (mais de 250 funcionários)","jogos","Mais de 4 anos","Kubernetes (self-hosted ou managed: EKS/AKS/GKE)","Desenvolvimento local;Staging/Homologação;Produção","Simultânea em todos os ambientes","2","1","1","2","1","1","migração","Treinamento formal / cursos pagos (ex.: Udemy, Coursera, KodeKloud, Linux Academy);Livros técnicos;Tutoriais e artigos online (blogs, Medium, Dev.to);Provas de Conceito (PoCs) e projetos piloto","Não","Não, aprendi fora do horário de trabalho","Treinamento formal / cursos pagos (ex.: Udemy, Coursera, KodeKloud, Linux Academy)","Sim","Menos de 3 meses","Menos de 1 mês","Experiência prévia com Docker","5","Sim"
"2026/04/19 12:52:45 AM GMT-3","Freelancer","Menos de 2 anos","6 meses - 1 ano","Não possuo certificações","Não participo de comunidades técnicas","Pequena (menos de 50 funcionários)","Fintech/Serviços Financeiros","Menos de 1 ano","Docker Swarm","Produção","Gradual (começou em desenvolvimento, depois staging, depois produção)","4","4","5","4","4","4","Mudanças organizacionais e culturais (adoção de DevOps, colaboração entre equipes)","Aprendizado autodirigido (tentativa e erro);Tutoriais e artigos online (blogs, Medium, Dev.to);Documentação oficial (Kubernetes, Docker Docs);Agentes de inteligência artifical (IA)","Não","Sim, algumas horas por semana durante o expediente","Treinamento formal / cursos pagos (ex.: Udemy, Coursera, KodeKloud, Linux Academy)","Não","6-12 meses","3-6 meses","Tempo dedicado exclusivo para estudo","5","Sim"
"2026/04/19 3:49:47 PM GMT-3","DevOps Engineer","5-10 anos","3-5 anos","Não possuo certificações","Comunidades online (Slack, Discord, Reddit, entre outros)","Média (50-250 funcionários)","Fintech/Serviços Financeiros","Mais de 4 anos","Kubernetes (self-hosted ou managed: EKS/AKS/GKE)","Desenvolvimento local;Staging/Homologação;Produção","Gradual (começou em desenvolvimento, depois staging, depois produção)","3","4","4","3","4","3","Custos de infraestrutura","Comunidades técnicas (fóruns, Stack Overflow, Reddit);Treinamento formal / cursos pagos (ex.: Udemy, Coursera, KodeKloud, Linux Academy);Tutoriais e artigos online (blogs, Medium, Dev.to);Documentação oficial (Kubernetes, Docker Docs);Provas de Conceito (PoCs) e projetos piloto","Não","Não, aprendi durante a execução dos projetos","Documentação oficial (Kubernetes, Docker Docs)","Sim","Mais de 18 meses","3-6 meses","Certificações profissionais","5","Sim"
"2026/08/31 9:08:44 AM GMT-3","Líder Técnico/Tech Lead","5-10 anos","Mais de 5 anos","Não possuo certificações","Meetups presenciais","Pequena (menos de 50 funcionários)","TMS","Mais de 4 anos","Kubernetes (self-hosted ou managed: EKS/AKS/GKE)","Desenvolvimento local;Staging/Homologação;Produção","Gradual (começou em desenvolvimento, depois staging, depois produção)","2","4","2","2","4","3","Segurança","Aprendizado autodirigido (tentativa e erro);Tutoriais e artigos online (blogs, Medium, Dev.to);Documentação oficial (Kubernetes, Docker Docs);Consultoria externa;Agentes de inteligência artifical (IA)","Não","Sim, algumas horas por semana durante o expediente","Aprendizado autodirigido (tentativa e erro)","Sim","3-6 meses","Menos de 1 mês","Realização de POCs antes de produção","4","Sim"
"2026/08/31 9:21:58 AM GMT-3","DevOps Engineer","2-5 anos","6 meses - 1 ano","Não possuo certificações","Não participo de comunidades técnicas","Média (50-250 funcionários)","Agronegócio","1-2 anos","Kubernetes (self-hosted ou managed: EKS/AKS/GKE)","Staging/Homologação;Produção","Simultânea em todos os ambientes","3","3","4","4","4","3","Monitoramento e observabilidade (monitoramento, logs, tracing)","Comunidades técnicas (fóruns, Stack Overflow, Reddit);Aprendizado autodirigido (tentativa e erro);Treinamento formal / cursos pagos (ex.: Udemy, Coursera, KodeKloud, Linux Academy)","Não","Não, aprendi durante a execução dos projetos","Provas de Conceito (PoCs) e projetos piloto","Sim","Menos de 3 meses","1-3 meses","Treinamento formal estruturado","5","Sim"
"2026/08/31 9:26:41 AM GMT-3","DevOps Engineer","Mais de 10 anos","Mais de 5 anos","Não possuo certificações","Comunidades online (Slack, Discord, Reddit, entre outros)","Pequena (menos de 50 funcionários)","Saúde/HealthTech","1-2 anos","Kubernetes (self-hosted ou managed: EKS/AKS/GKE)","Staging/Homologação;Produção","Simultânea em todos os ambientes","1","1","1","1","1","1","Não houve desafios, a equipe técnica incluindo o time de desenvolvimento já havia sido informado que trabalharia com micro serviços, e que ficar em containers era a cultura da empresa. ","Comunidades técnicas (fóruns, Stack Overflow, Reddit);Documentação oficial (Kubernetes, Docker Docs);Provas de Conceito (PoCs) e projetos piloto;Mentoria interna (desenvolvedores seniores ou especialistas);Agentes de inteligência artifical (IA)","Sim","Sim, algumas horas por semana durante o expediente","Mentoria interna (desenvolvedores seniores ou especialistas)","Sim","Menos de 3 meses","Menos de 1 mês","Mentoria de especialistas internos ou externos","5","Sim"
"2026/08/31 9:35:06 AM GMT-3","Desenvolvedor","5-10 anos","3-5 anos","Outras certificações cloud (AWS/Azure/GCP relacionadas a containers)","Não participo de comunidades técnicas","Grande (mais de 250 funcionários)","Saas/Software","Mais de 4 anos","Kubernetes (self-hosted ou managed: EKS/AKS/GKE)","Desenvolvimento local;Staging/Homologação;Produção","Gradual (começou em desenvolvimento, depois staging, depois produção)","3","3","3","4","3","4","Testes (Debug, E2E, Local env, etc...)","Treinamento formal / cursos pagos (ex.: Udemy, Coursera, KodeKloud, Linux Academy);Livros técnicos;Tutoriais e artigos online (blogs, Medium, Dev.to);Documentação oficial (Kubernetes, Docker Docs);Provas de Conceito (PoCs) e projetos piloto","Sim","Sim, algumas horas por semana durante o expediente","Treinamento formal / cursos pagos (ex.: Udemy, Coursera, KodeKloud, Linux Academy)","Sim","Menos de 3 meses","6-12 meses","Treinamento formal estruturado","5","Sim"
"2026/08/31 9:42:38 AM GMT-3","Líder Técnico/Tech Lead","Mais de 10 anos","3-5 anos","Não possuo certificações","Meetups presenciais","Grande (mais de 250 funcionários)","E-commerce/Varejo","2-4 anos","Kubernetes (self-hosted ou managed: EKS/AKS/GKE)","Desenvolvimento local;Staging/Homologação;Produção","Simultânea em todos os ambientes","5","3","3","4","4","5","Segurança","Treinamento formal / cursos pagos (ex.: Udemy, Coursera, KodeKloud, Linux Academy);Livros técnicos;Documentação oficial (Kubernetes, Docker Docs);Provas de Conceito (PoCs) e projetos piloto;Agentes de inteligência artifical (IA)","Não","Não, aprendi fora do horário de trabalho","Provas de Conceito (PoCs) e projetos piloto","Sim","3-6 meses","3-6 meses","Realização de POCs antes de produção","4","Sim"
"2026/08/31 9:53:56 AM GMT-3","Arquiteto de Soluções","5-10 anos","3-5 anos","Não possuo certificações","Comunidades online (Slack, Discord, Reddit, entre outros);Contribuo com projetos open source relacionados","Média (50-250 funcionários)","Saas/Software","2-4 anos","Kubernetes (self-hosted ou managed: EKS/AKS/GKE)","Desenvolvimento local;Staging/Homologação;Produção","Simultânea em todos os ambientes","3","5","3","5","5","2","Complexidade técnica (curva de aprendizado íngreme, novos conceitos)","Comunidades técnicas (fóruns, Stack Overflow, Reddit);Aprendizado autodirigido (tentativa e erro);Treinamento formal / cursos pagos (ex.: Udemy, Coursera, KodeKloud, Linux Academy);Livros técnicos;Tutoriais e artigos online (blogs, Medium, Dev.to);Documentação oficial (Kubernetes, Docker Docs);Provas de Conceito (PoCs) e projetos piloto;Agentes de inteligência artifical (IA)","Não","Não, aprendi fora do horário de trabalho","Documentação oficial (Kubernetes, Docker Docs)","Sim","3-6 meses","3-6 meses","Participação em comunidades técnicas","3","Sim"
"2026/08/31 10:03:31 AM GMT-3","DevOps Engineer","Mais de 10 anos","Mais de 5 anos","CKA (Certified Kubernetes Administrator);CKS (Certified Kubernetes Security Specialist);Outras certificações cloud (AWS/Azure/GCP relacionadas a containers)","Não participo de comunidades técnicas","Grande (mais de 250 funcionários)","Telecom","Mais de 4 anos","Outras soluções (Nomad, OpenShift, ECS)","Desenvolvimento local;Staging/Homologação;Produção","Gradual (começou em desenvolvimento, depois staging, depois produção)","2","3","2","4","3","2","Mudanças organizacionais e culturais (adoção de DevOps, colaboração entre equipes)","Aprendizado autodirigido (tentativa e erro);Tutoriais e artigos online (blogs, Medium, Dev.to);Documentação oficial (Kubernetes, Docker Docs);Provas de Conceito (PoCs) e projetos piloto;Agentes de inteligência artifical (IA)","Não","Sim, algumas horas por semana durante o expediente","Agentes de inteligência artificial (IA)","Sim","6-12 meses","6-12 meses","Realização de POCs antes de produção","4","Sim"
"2026/08/31 10:16:43 AM GMT-3","DevOps Engineer","5-10 anos","Mais de 5 anos","Não possuo certificações","Não participo de comunidades técnicas","Pequena (menos de 50 funcionários)","Educação/EdTech","Mais de 4 anos","Kubernetes (self-hosted ou managed: EKS/AKS/GKE)","Desenvolvimento local;Staging/Homologação;Produção","Simultânea em todos os ambientes","3","2","4","3","3","2","Monitoramento e observabilidade (monitoramento, logs, tracing)","Comunidades técnicas (fóruns, Stack Overflow, Reddit);Aprendizado autodirigido (tentativa e erro);Tutoriais e artigos online (blogs, Medium, Dev.to);Documentação oficial (Kubernetes, Docker Docs);Provas de Conceito (PoCs) e projetos piloto","Não","Não, aprendi fora do horário de trabalho","Aprendizado autodirigido (tentativa e erro)","Sim","6-12 meses","Menos de 1 mês","Participação em comunidades técnicas","5","Sim"
"2026/08/31 10:21:34 AM GMT-3","SRE (Site Reliability Engineer)","5-10 anos","Mais de 5 anos","Não possuo certificações","Não participo de comunidades técnicas","Média (50-250 funcionários)","Fintech/Serviços Financeiros","Mais de 4 anos","Outras soluções (Nomad, OpenShift, ECS)","Desenvolvimento local;Staging/Homologação;Produção","Gradual (começou em desenvolvimento, depois staging, depois produção)","4","2","3","3","3","2","Segurança","Aprendizado autodirigido (tentativa e erro);Treinamento formal / cursos pagos (ex.: Udemy, Coursera, KodeKloud, Linux Academy);Tutoriais e artigos online (blogs, Medium, Dev.to);Documentação oficial (Kubernetes, Docker Docs);Provas de Conceito (PoCs) e projetos piloto;Mentoria interna (desenvolvedores seniores ou especialistas);Agentes de inteligência artifical (IA)","Não","Sim, algumas horas por semana durante o expediente","Aprendizado autodirigido (tentativa e erro)","Sim","Menos de 3 meses","1-3 meses","Experiência prévia com Docker","5","Sim"
"2026/08/31 10:23:21 AM GMT-3","SRE (Site Reliability Engineer)","Mais de 10 anos","Mais de 5 anos","Não possuo certificações","Não participo de comunidades técnicas","Pequena (menos de 50 funcionários)","Fintech/Serviços Financeiros","Mais de 4 anos","Kubernetes (self-hosted ou managed: EKS/AKS/GKE)","Desenvolvimento local;Staging/Homologação;Produção","Gradual (começou em desenvolvimento, depois staging, depois produção)","5","5","5","5","5","5","Monitoramento e observabilidade (monitoramento, logs, tracing)","Livros técnicos;Documentação oficial (Kubernetes, Docker Docs);Provas de Conceito (PoCs) e projetos piloto;Agentes de inteligência artifical (IA)","Não","Não, aprendi fora do horário de trabalho","Documentação oficial (Kubernetes, Docker Docs)","Sim","Menos de 3 meses","Menos de 1 mês","Experiência prévia com Docker","5","Sim"
"2026/08/31 10:33:13 AM GMT-3","DevOps Engineer","5-10 anos","Mais de 5 anos","CKA (Certified Kubernetes Administrator);CKAD (Certified Kubernetes Application Developer);CKS (Certified Kubernetes Security Specialist)","Não participo de comunidades técnicas","Média (50-250 funcionários)","Telecom","Mais de 4 anos","Kubernetes (self-hosted ou managed: EKS/AKS/GKE)","Desenvolvimento local;Staging/Homologação;Produção","Simultânea em todos os ambientes","4","3","2","5","3","4","Mudanças organizacionais e culturais (adoção de DevOps, colaboração entre equipes)","Aprendizado autodirigido (tentativa e erro);Treinamento formal / cursos pagos (ex.: Udemy, Coursera, KodeKloud, Linux Academy);Tutoriais e artigos online (blogs, Medium, Dev.to);Documentação oficial (Kubernetes, Docker Docs);Provas de Conceito (PoCs) e projetos piloto;Consultoria externa;Mentoria interna (desenvolvedores seniores ou especialistas)","Não","Sim, algumas horas por semana durante o expediente","Treinamento formal / cursos pagos (ex.: Udemy, Coursera, KodeKloud, Linux Academy)","Sim","6-12 meses","6-12 meses","Realização de POCs antes de produção","4","Sim"
"2026/08/31 10:50:29 AM GMT-3","DevOps Engineer","2-5 anos","1-3 anos","Outras certificações cloud (AWS/Azure/GCP relacionadas a containers)","Meetups presenciais;Comunidades online (Slack, Discord, Reddit, entre outros)","Média (50-250 funcionários)","e-gaming","2-4 anos","Kubernetes (self-hosted ou managed: EKS/AKS/GKE)","Desenvolvimento local;Staging/Homologação;Produção","Simultânea em todos os ambientes","2","4","4","4","5","4","Complexidade técnica (curva de aprendizado íngreme, novos conceitos)","Documentação oficial (Kubernetes, Docker Docs);Provas de Conceito (PoCs) e projetos piloto;Mentoria interna (desenvolvedores seniores ou especialistas)","Não","Sim, algumas horas por semana durante o expediente","Documentação oficial (Kubernetes, Docker Docs)","Sim","Mais de 18 meses","3-6 meses","Mentoria de especialistas internos ou externos","4","Sim"
"2026/08/31 10:50:31 AM GMT-3","SRE (Site Reliability Engineer)","Mais de 10 anos","Mais de 5 anos","Não possuo certificações","Comunidades online (Slack, Discord, Reddit, entre outros)","Grande (mais de 250 funcionários)","Saas/Software","Mais de 4 anos","Kubernetes (self-hosted ou managed: EKS/AKS/GKE)","Desenvolvimento local;Staging/Homologação;Produção","Gradual (começou em desenvolvimento, depois staging, depois produção)","4","3","3","4","4","4","Monitoramento e observabilidade (monitoramento, logs, tracing)","Livros técnicos;Documentação oficial (Kubernetes, Docker Docs);Provas de Conceito (PoCs) e projetos piloto;Consultoria externa","Não","Não, aprendi durante a execução dos projetos","Provas de Conceito (PoCs) e projetos piloto","Sim","3-6 meses","3-6 meses","Realização de POCs antes de produção","4","Sim"
"2026/08/31 10:51:53 AM GMT-3","DevOps Engineer","Mais de 10 anos","Mais de 5 anos","Outras certificações cloud (AWS/Azure/GCP relacionadas a containers);LPIC-2","Meetups presenciais;Comunidades online (Slack, Discord, Reddit, entre outros);Contribuo com projetos open source relacionados","Grande (mais de 250 funcionários)","Automotivo","Mais de 4 anos","Kubernetes (self-hosted ou managed: EKS/AKS/GKE)","Desenvolvimento local;Staging/Homologação;Produção","Simultânea em todos os ambientes","5","3","4","3","2","4","Segurança","Documentação oficial (Kubernetes, Docker Docs);Consultoria externa","Não","Não, aprendi fora do horário de trabalho","Aprendizado autodirigido (tentativa e erro)","Sim","6-12 meses","1-3 meses","Experiência prévia com Docker","5","Sim"
"2026/08/31 11:08:04 AM GMT-3","Desenvolvedor","5-10 anos","Mais de 5 anos","Não possuo certificações","Não participo de comunidades técnicas","Média (50-250 funcionários)","Saas/Software","2-4 anos","Kubernetes (self-hosted ou managed: EKS/AKS/GKE)","Desenvolvimento local;Produção","Simultânea em todos os ambientes","3","3","3","5","3","2","Mudanças organizacionais e culturais (adoção de DevOps, colaboração entre equipes)","Comunidades técnicas (fóruns, Stack Overflow, Reddit);Aprendizado autodirigido (tentativa e erro);Provas de Conceito (PoCs) e projetos piloto","Não","Não, aprendi durante a execução dos projetos","Agentes de inteligência artificial (IA)","Sim","3-6 meses","3-6 meses","Realização de POCs antes de produção","4","Sim"